id,Domain,Status,Attractiveness,Demand,Length,Registrar,Created,Expires
762367a6-c2c1-4eb2-9a3d-4d5837bf2648,publishing.app,premium,68,76,10,,,
7d34334e-e54d-46b7-bce6-8d8f6dcb314b,publishing.at,premium,68,76,10,,,
dbaf6fe8-6d93-4574-b9e1-33494f8b6765,publishing.cloud,premium,68,76,10,,,
d05794e6-6c4d-4f70-a409-d937ae3b400b,publishing.dev,premium,68,76,10,,,
0c5ac9a5-fb3f-47c0-8107-531655c8bff0,publishing.gg,available,68,76,10,,,
6edae2f7-7bef-41d8-9771-af5310a53902,publishing.io,resell,68,76,10,"DomainClub.com, LLC",02/02/2018 10:09,02/02/2026 10:09
9c84b103-338e-4b68-a07c-26affbb3f721,publishing.it,expired,68,76,10,,28/06/2015 16:00,28/06/2025 00:00
74725d78-3202-401f-8278-6e88301fd8dd,publishing.me,expiring,68,76,10,Epik LLC,17/07/2008 15:02,17/07/2025 15:02
26734ad1-f417-4f2c-8201-0896c44556dd,publishing.online,premium,68,76,10,,,
11c3427c-88fa-4666-8dde-2e4a78f68dee,publishing.pro,resell,68,76,10,Porkbun LLC,08/03/2007 00:00,08/03/2026 00:00
e6097d5f-bd0c-43e6-a202-cdd3f8012a84,publishing.site,premium,68,76,10,,,
bcdeec10-bab7-4e49-b2e0-b954357bcd63,publishing.so,available,68,76,10,,,
a2246e3b-e82c-4a81-8c0a-b09bda63f7f7,publishing.space,premium,68,76,10,,,
685fa658-a0ea-4cf8-8e60-a97ec9912b93,publishing.store,premium,68,76,10,,,
566d8b9f-1318-472e-baf2-f398ae02f963,publishing.tech,premium,68,76,10,,,
0771a9e7-5c38-48fe-ad42-aa5daf23c2cc,production.accountant,premium,70,23,10,,,
14974b53-e5ee-44c7-b2a9-af54f5abba9b,production.accountants,available,70,23,10,,,
73303b87-94d1-47cd-8ac1-6d006c97fd78,production.actor,available,70,23,10,,,
299647f3-a6fd-4d76-871b-caf5eca9b99d,production.adult,available,70,23,10,,,
3e169852-5d59-4a15-840c-b3ac58ec865f,production.agency,expired,70,23,10,"Sav.com, LLC - 5",04/10/2024 15:15,04/10/2025 15:15
a01349d2-953a-48a7-a5eb-3dfc20bb3a82,production.airforce,available,70,23,10,,,
1368d8f1-f6d0-4157-b303-20efb5d0c6ba,production.archi,available,70,23,10,,,
5cac4e14-5b6d-4e71-bb8d-2deede4dad0f,production.army,available,70,23,10,,,
163ef5c7-595b-4bf1-bfe5-4e30c940cb34,production.asia,resell,70,23,10,"Spaceship, Inc.",03/12/2024 12:58,03/12/2026 12:58
8c9e48c8-cbf4-44dc-a470-a00147b479f0,production.associates,available,70,23,10,,,
76c50c76-9990-4be5-bb31-820204f75468,production.at,sold,70,23,10,World4You Internet Services GmbH ( https://nic.at/registrar/61 ),,
0a942165-bf1c-4e4b-b13b-fd6b0340c140,production.attorney,available,70,23,10,,,
8388adca-63e3-4e6a-9f45-ba84b365ea54,production.auction,available,70,23,10,,,
48f8d4c2-058d-4d07-8542-a9309be6edf1,production.auto,available,70,23,10,,,
8bc99cb2-78c7-44bd-a490-c3029eae931c,production.autos,available,70,23,10,,,
a7a365a7-87ca-48d2-b493-bf25b9a5c1f1,production.baby,available,70,23,10,,,
62284e22-1dc4-4302-88f1-55a5a25b6165,production.band,available,70,23,10,,,
fa14f525-7dcb-45cf-bfb4-9176efb015fd,production.bar,premium,70,23,10,,,
73e471df-e4ce-4064-b991-035ee071b2eb,production.bargains,available,70,23,10,,,
9815b5b1-5698-40ec-8367-d18099268a84,production.bayern,available,70,23,10,,,
d613ea47-7e8a-4cb0-8f98-7acedb12eff7,production.beauty,available,70,23,10,,,
ec5f4cba-62dc-49d7-ad71-3c678936b06b,production.beer,available,70,23,10,,,
4a08925b-f0dd-4c1b-9140-9107b58ce5e0,production.berlin,available,70,23,10,,,
729dbd79-d03f-42d2-92ae-14cc267f2717,production.best,resell,70,23,10,"Sav.com, LLC",13/09/2025 16:42,13/09/2026 23:59
d75d2db8-acee-483e-b293-0df4d16d156e,production.bet,available,70,23,10,,,
bee3e6f7-04e5-4dce-99ff-7e3e9b1568f8,production.bid,premium,70,23,10,,,
dc93d136-feb6-4b47-998d-583571847cac,production.bike,available,70,23,10,,,
2201e6c1-da0b-4dc5-bd06-47bd66068e17,production.bingo,available,70,23,10,,,
747c603e-ef36-490a-9f4e-650ed0fdda1c,production.black,available,70,23,10,,,
c119ca54-6ff1-45b5-9aed-e4ad922db7e2,production.blackfriday,available,70,23,10,,,
7fd8350a-f2f9-4f3c-aef8-7dba74e1c325,production.blog,premium,70,23,10,,,
2b74fa80-bb47-42f8-b0c2-02bb83eb9f79,production.boats,available,70,23,10,,,
73c5b0d1-b493-4b58-bcaf-738edb9101ed,production.boo,premium,70,23,10,,,
8da6a6ef-65a1-457c-8894-d857ff581c00,production.bot,premium,70,23,10,,,
e68b5f47-1fdd-4987-b53e-0510110d2389,production.boutique,available,70,23,10,,,
0cb90060-f6ab-4835-8617-601190208a58,production.build,resell,70,23,10,"Go Daddy, LLC",16/08/2014 17:20,16/08/2026 23:59
565745c3-b476-41e1-9194-ae86aa758812,production.builders,available,70,23,10,,,
3bb33754-bbe3-42a2-b9bb-bcc78afb50d9,production.business,premium,70,23,10,,,
e566041d-8e20-4ece-a869-3cddeb376d32,production.buzz,premium,70,23,10,,,
e463f28d-618f-4d74-81ed-54e85cf1e003,production.bz,available,70,23,10,,,
f3ae5577-4db9-4921-8ee1-e1ae0613f83a,production.cab,available,70,23,10,,,
87b42c25-8ff9-493b-97ca-ea63878e5b13,production.cafe,available,70,23,10,,,
2e9f37a4-f521-4d07-aed3-dd6bc22401f5,production.cam,resell,70,23,10,"Spaceship, Inc.",22/03/2020 17:22,22/03/2026 23:59
54ed9779-f73d-4d52-803c-ae34d96a5abe,production.camera,available,70,23,10,,,
17c0ed7f-563a-4de8-b4fd-08cc367e60d7,production.camp,available,70,23,10,,,
514ec4ea-1779-4a65-9d4c-b95bc94f6b37,production.car,available,70,23,10,,,
d7364cca-4400-446f-9000-24d052655a34,production.careers,premium,70,23,10,,,
a667a298-f7d9-4d27-8836-657af21e1553,production.cars,available,70,23,10,,,
de1a846e-90c4-42cc-beef-8982e11d16c4,production.casa,available,70,23,10,,,
2108badd-e91a-4c4e-8747-63177424c4b9,production.cash,available,70,23,10,,,
72d9c1c3-0398-496c-b3aa-4c78ba28d45f,production.casino,available,70,23,10,,,
df40d345-7581-4065-a250-7c1f4eeb0552,production.catering,premium,70,23,10,,,
9f79c8f1-6144-45b0-b2f9-54b4a4e3286c,production.cc,resell,70,23,10,"GoDaddy.com, LLC",25/01/2006 11:01,25/01/2026 11:01
8714a212-9b0b-4cd5-b1b4-731dbd0914de,production.ceo,available,70,23,10,,,
1244b632-a30e-40fd-95d1-54f6d1e90483,production.cfd,premium,70,23,10,,,
a1b8995d-4cda-440b-a4c6-2ffbcb9b3e9a,production.charity,available,70,23,10,,,
0f3287cb-98d1-4de7-b0ee-7a4553f17c52,production.cheap,available,70,23,10,,,
5d29615d-95c6-4699-8802-7e22fe268d75,production.christmas,available,70,23,10,,,
5a4ff3f8-2054-4ce9-8389-397fe7cc11c8,production.claims,available,70,23,10,,,
f447a937-cba0-49c9-9dc7-c31259831919,production.cleaning,available,70,23,10,,,
d108056d-6392-469a-aa8a-4e434499432a,production.click,available,70,23,10,,,
6c232c25-8067-433d-804e-478df12573b8,production.clinic,available,70,23,10,,,
31e07352-7ccc-4336-ae3e-cfa9b9d9ac2d,production.clothing,available,70,23,10,,,
9648f519-0854-4ac3-a60b-648d666f7f6c,production.cloud,premium,70,23,10,,,
160a8ccf-5d23-4545-bb72-d8bb0878c941,production.codes,available,70,23,10,,,
26fc4bf9-a66c-4b74-9b52-1905929a6235,production.coffee,available,70,23,10,,,
22e154dc-1575-44dd-8592-46da8ccebbc4,production.college,premium,70,23,10,,,
60da8f19-6d91-48d7-bfa7-b80fa77d479a,production.community,available,70,23,10,,,
58e11c6e-36de-44b5-a86b-595432691327,production.company,resell,70,23,10,1API GmbH,24/06/2015 16:00,24/06/2026 16:00
748f1de1-0fb7-48db-b826-90807618419d,production.computer,available,70,23,10,,,
4329fa73-a604-412a-adc0-742fa13d8163,production.condos,available,70,23,10,,,
146baea1-6cf0-4936-8fb8-ef0857fc976b,production.construction,available,70,23,10,,,
9773fbe3-bfcf-4b54-8bc5-cb43957a2350,production.consulting,premium,70,23,10,,,
ede3d55e-bd0c-43fc-864b-9a5170791a9b,production.contractors,available,70,23,10,,,
ccc6f62a-a1ec-4778-8b3f-0adcfe5ee643,production.cooking,available,70,23,10,,,
4efd33fb-790f-48e7-aef8-bf7698d37cc9,production.cool,available,70,23,10,,,
a1442ec6-8a54-4b29-adc4-3cd1c7c0f68d,production.country,available,70,23,10,,,
ac1104f6-cf81-4fb5-82e4-efdf8e9f42b7,production.coupons,available,70,23,10,,,
97518cfd-7c8c-4ad6-959b-60a67b6178b8,production.courses,premium,70,23,10,,,
6b85b1d5-2b55-42c3-8516-77749db6d1da,production.credit,available,70,23,10,,,
3daed92f-7324-4039-9a7c-837d6317d44e,production.creditcard,available,70,23,10,,,
f9e27a86-62b6-4b16-8f99-c5a48995bc2f,production.cricket,premium,70,23,10,,,
a84910a8-3e68-488e-8521-cb84ff45da46,production.cruises,available,70,23,10,,,
bdb02622-5e46-4d63-9407-d677335a3d23,production.cv,available,70,23,10,,,
b5e57ca5-6f62-49f5-a462-f7a895430096,production.cx,available,70,23,10,,,
785f601f-a5a3-41f6-b12c-9db061a8c2af,production.cyou,available,70,23,10,,,
634f8f30-1c30-4050-a09c-487872645c91,production.dad,premium,70,23,10,,,
eeb47ef3-004b-40db-8933-684431d4837e,production.date,premium,70,23,10,,,
471d053e-d68f-4a53-8db8-0a88d3be4fb7,production.dating,available,70,23,10,,,
f08eff96-2c3f-4ffd-9ddc-8652251ba5a3,production.day,premium,70,23,10,,,
846a84e6-31ee-4b91-98ca-fa6fdadfeccb,production.deal,premium,70,23,10,,,
8547a915-ab0c-4e3a-994a-f33b577029b3,production.dealer,premium,70,23,10,,,
2e8054be-96dc-4a4c-86db-588c646235f4,production.deals,available,70,23,10,,,
5db88c45-f05a-49d9-8fb4-6dd2fd907da8,production.degree,available,70,23,10,,,
78bfac02-d6d2-430e-93b1-9e77983adb60,production.democrat,available,70,23,10,,,
eaf3c1d6-93e6-4819-814b-a385f8e9d480,production.dental,expiring,70,23,10,IONOS SE,10/12/2024 20:23,10/12/2025 20:23
80b7787a-2a89-451a-8124-dd6689b6b662,production.dentist,premium,70,23,10,,,
9b1c4dc7-8e7f-463e-954f-80099776980f,production.diamonds,available,70,23,10,,,
3ef99329-6156-4ac9-8512-4db0fc12e994,production.diet,available,70,23,10,,,
5d05884f-86b4-4351-9cac-c528cdedf19b,production.digital,resell,70,23,10,Cronon GmbH,10/09/2014 16:00,10/09/2026 16:00
2e47648d-cae5-4782-8957-55e178bfe422,production.direct,available,70,23,10,,,
75fad0b7-8666-40ca-9a72-9b53877e2bfb,production.directory,available,70,23,10,,,
d9349f3a-7015-42c3-9589-aa1ea6815d9f,production.discount,available,70,23,10,,,
c634840a-57ec-47f0-9176-2b519ad93afd,production.doctor,resell,70,23,10,"GoDaddy.com, LLC",02/04/2019 14:12,02/04/2026 14:12
8d5f2469-3ec3-4d4f-89cc-34d61f043a22,production.dog,available,70,23,10,,,
1065f1fe-7e17-4406-84f5-56da29a206ca,production.domains,available,70,23,10,,,
fe53f69d-8ce4-4b00-b099-0625fef81aac,production.download,premium,70,23,10,,,
78014e36-a9f0-418f-b55a-55b59d0fa997,production.education,available,70,23,10,,,
bff7cad8-ffdd-4c7f-806f-515309246076,production.energy,available,70,23,10,,,
67e00ff5-51b9-499c-bd24-45e1f5a971fa,production.engineer,premium,70,23,10,,,
6d008020-6854-4143-a30d-1e4a592e5fe6,production.enterprises,available,70,23,10,,,
24cf0b4d-11b4-4c06-a0e8-dbf9753c1d92,production.esq,premium,70,23,10,,,
e681d57d-2770-4146-9f2a-dc7d36626586,production.events,available,70,23,10,,,
5a3cbd99-608d-4358-b24f-ca357563f7c3,production.exchange,premium,70,23,10,,,
e8c3a261-0472-491d-8c8a-f6c7fba93f75,production.exposed,available,70,23,10,,,
76bc7c77-6f6e-4966-acbf-b2f4b840bd9e,production.express,premium,70,23,10,,,
a97b5204-db38-47ec-8d79-9fa8f2d45df6,production.fail,available,70,23,10,,,
0e20dca8-33aa-4c0b-a56d-804472d69f61,production.faith,available,70,23,10,,,
adc8bbe4-2db7-4cce-8106-cfd29f69421e,production.fan,available,70,23,10,,,
00ead8ee-7ca7-4166-b428-a6d21c7d7791,production.fans,premium,70,23,10,,,
f28588e1-2fd3-4445-bbe3-b8de59e0aae3,production.farm,available,70,23,10,,,
1a5cedce-29bd-4aeb-9f67-395eb123f459,production.fashion,available,70,23,10,,,
064a9eb2-d9e5-4775-be43-2227c852ba05,production.fast,premium,70,23,10,,,
c2357fd0-d887-4225-909d-e45e0688e40b,production.film,premium,70,23,10,,,
89a79095-afc4-45f5-9656-5a1e206daabd,production.finance,available,70,23,10,,,
fdb150e4-8d3a-4f09-9d93-c9b62a0b63c4,production.financial,available,70,23,10,,,
0d30d1cf-a850-49bd-9550-b5712f1b5a1b,production.fish,available,70,23,10,,,
b5c35f39-f63e-4eee-a3ea-7ebade268c9b,production.fishing,available,70,23,10,,,
1095e144-be5d-4980-a171-25be47d385c0,production.fitness,available,70,23,10,,,
d0883b7f-4914-47fd-86d0-be7268710be1,production.flights,available,70,23,10,,,
34d09558-08ea-4945-9c34-329457906f5a,production.florist,available,70,23,10,,,
ead16b98-1e1b-444a-a3c8-bcca7d88f8a5,production.flowers,available,70,23,10,,,
1da7e29e-972f-4558-a14c-22ca6a6ef6cc,production.foo,premium,70,23,10,,,
98a6d465-e5ca-4aac-b464-00473c72c9f8,production.food,available,70,23,10,,,
f106053d-b069-4543-833f-340aa343369c,production.football,available,70,23,10,,,
587d7aaf-fa69-4721-8a4b-294f92b9babf,production.forsale,available,70,23,10,,,
ee5f3a78-85e4-4f73-9be0-88ba376d42f9,production.forum,available,70,23,10,,,
d2a933c5-52df-46cd-8e9c-49eecac1df85,production.foundation,available,70,23,10,,,
eb1c73c3-325e-4bfd-879c-a1c49b5ba0c9,production.free,premium,70,23,10,,,
0474aa19-34d8-4488-89b9-fba2d72c046e,production.fun,premium,70,23,10,,,
1130eecd-024d-4f45-b214-1a2cae6b059c,production.fund,available,70,23,10,,,
c30eebea-fd4b-4603-aff1-0e153bcc140d,production.furniture,available,70,23,10,,,
4f95baf1-7540-433a-b7a6-df3476a6d0a0,production.futbol,available,70,23,10,,,
77f40a25-5c6c-4631-8eb3-08188c848dff,production.fyi,premium,70,23,10,,,
cb3cc912-73be-4b6a-afe9-0cb2d14b4539,production.gallery,available,70,23,10,,,
7e0e875f-2ad9-48d0-8c58-ef7eb66e0c0d,production.game,available,70,23,10,,,
5e5b1b1d-7f4b-4740-bac5-7a6fbe8747ff,production.garden,available,70,23,10,,,
6a8e768b-0241-4ee1-88ac-6d4cc923f379,production.gay,available,70,23,10,,,
a516d992-2198-4989-9511-09ea8ba13f1c,production.gift,available,70,23,10,,,
da7d3ab0-c557-442d-b86c-4ece74daf12a,production.gifts,available,70,23,10,,,
a954f7db-16b6-457f-b6d4-f6a2caf8644a,production.gives,available,70,23,10,,,
c29b6513-0d17-4152-a452-d75d0a25fd15,production.giving,available,70,23,10,,,
2198c52e-3e94-4f2b-bf86-46299695c476,production.glass,available,70,23,10,,,
892b34a1-e6e9-4a96-864c-99bd0e089164,production.global,premium,70,23,10,,,
fe48b4de-3a08-48d4-bfd8-5bca9f76edd8,production.gmbh,available,70,23,10,,,
155dac63-e420-47be-8e44-af57a8530906,production.gold,resell,70,23,10,"DNSPod, Inc.",18/05/2023 15:15,18/05/2026 15:15
2db3212b-3ff2-44c8-83ef-f1421f634c64,production.golf,available,70,23,10,,,
142b4f45-394d-4722-8cc6-f59403593d18,production.gratis,available,70,23,10,,,
5aec3eb0-c7a0-467d-b052-deee2f5761e9,production.gripe,available,70,23,10,,,
a015ec6c-1ddd-4e81-987a-ef74b952ce6a,production.guitars,available,70,23,10,,,
7b078156-6bda-4308-942b-00794f02bcb7,production.guru,resell,70,23,10,"GoDaddy.com, LLC",05/02/2014 16:00,05/02/2026 16:00
c6333386-b866-4498-a5b2-b3fe57bda752,production.hair,available,70,23,10,,,
23fe999e-ab61-4806-9c26-899eb31305e3,production.health,available,70,23,10,,,
56612261-0db3-478b-90ce-1342e1cc803b,production.hiphop,premium,70,23,10,,,
5d621c80-f044-48b5-bfab-778fc3d4fecd,production.hiv,available,70,23,10,,,
b7462c45-5ef3-479d-8b1f-2ea6d16fc47c,production.hockey,available,70,23,10,,,
c6cf06c4-9d76-49f3-afae-7a44c4b42504,production.holdings,available,70,23,10,,,
b142ed88-5be9-4c7c-8d08-b53b6f028ff9,production.holiday,available,70,23,10,,,
b5bb42ef-9b96-4ba7-8d68-44086c368849,production.homes,available,70,23,10,,,
d012e8ff-6108-479c-894b-cf5a544e8359,production.horse,available,70,23,10,,,
7714c8f8-e4d4-4e53-805f-bfdf8152f822,production.hospital,available,70,23,10,,,
068c6355-f264-4a7e-adb1-38855b145e91,production.host,premium,70,23,10,,,
4df5759a-afa1-408b-8a82-b198c2ca764d,production.hosting,available,70,23,10,,,
ceaf69e3-dbda-40ed-84b1-9424e4bda597,production.hot,premium,70,23,10,,,
d59140f5-da7b-4a97-a2e1-e89d5f49bf9b,production.house,resell,70,23,10,"Spaceship, Inc.",26/06/2023 15:15,26/06/2026 15:15
5b76a4f1-7e86-4a5d-930a-0878ef2948ed,production.how,premium,70,23,10,,,
0c35c414-bf56-4d30-97d3-b6711f7bb763,production.icu,premium,70,23,10,,,
9d891a30-67c3-4d61-b988-6e3a665d5a04,production.id,resell,70,23,10,PT Digital Registra Indonesia,30/10/2024 00:07,30/10/2026 23:59
24826b3a-f0c0-4045-8a8f-a276b347feca,production.im,premium,70,23,10,,,
9a0a5181-ddd3-4090-a025-c000deb31f38,production.immo,available,70,23,10,,,
fb6f064d-3acb-40b2-a5e6-730d6e09b7bc,production.immobilien,available,70,23,10,,,
eaa05cf8-4234-4c2f-8c04-89786cf4ae87,production.inc,premium,70,23,10,,,
6cfbe6aa-1a2c-4972-b1fb-fb4fd2060ddf,production.industries,premium,70,23,10,,,
50b8a11e-6457-4d95-b701-cfe70ce06927,production.info,resell,70,23,10,"Sea Wasp, LLC",27/10/2007 09:37,27/10/2026 09:37
b2055caa-e3e4-475e-84af-d32be614757b,production.ing,premium,70,23,10,,,
d0c1cc23-ca68-4ec7-9fe4-adc4b37ec075,production.insure,resell,70,23,10,"GoDaddy.com, LLC",10/09/2014 16:22,10/09/2026 16:22
609175a7-69da-4cc1-bf62-e585f730ff05,production.investments,available,70,23,10,,,
474c012b-e89e-4999-a793-6fd7ce806aef,production.irish,available,70,23,10,,,
70140668-8b6c-46f7-99f7-a63907bde7a8,production.jetzt,available,70,23,10,,,
e20b352d-fdc7-466e-bcf6-7e08ea30251d,production.jewelry,available,70,23,10,,,
6891ba7a-da8e-4f97-a480-4d980ab85006,production.juegos,available,70,23,10,,,
64a73d44-52c6-4dd7-9c63-a8b63be8645b,production.kaufen,available,70,23,10,,,
1bf79ae5-6781-4f03-8868-a23a43c838c2,production.kids,premium,70,23,10,,,
923e4465-1b07-45d1-8c0f-acdf83bd4f46,production.kim,available,70,23,10,,,
9dbee4ff-00df-41f4-9cc8-73f1f8d4244f,production.kitchen,available,70,23,10,,,
3dc3c615-d71d-4b7d-9e37-8fe229f636b9,production.lat,resell,70,23,10,Dynadot LLC,24/10/2025 13:17,24/10/2026 23:59
93eb65d5-deeb-49f9-909d-5f0710ff130f,production.lawyer,available,70,23,10,,,
b729aa72-e791-4843-a82e-59b42759aafa,production.lease,available,70,23,10,,,
6bba21da-a22f-47e1-ba60-41cc16f2d0b8,production.legal,expiring,70,23,10,"GoDaddy.com, LLC",29/12/2022 02:28,29/12/2025 02:28
e19232dd-81a4-4f04-a2f3-d2c6c4d270dc,production.lgbt,available,70,23,10,,,
891f50e0-02c5-4afd-b993-5b908a0b3310,production.life,resell,70,23,10,"Chengdu West Dimension Digital Technology Co., Ltd.",08/05/2018 12:36,08/05/2026 12:36
edbadaba-e84c-41a4-af58-04be8bf77abe,production.lifestyle,available,70,23,10,,,
79e23324-51cf-47e6-b5d5-1d56ae398a7c,production.limo,available,70,23,10,,,
e177e3fd-cdbf-4373-a7f3-4a519e842c99,production.link,premium,70,23,10,,,
bd4c9ddc-99bf-4cc7-b81b-5af52db9f3c9,production.live,premium,70,23,10,,,
63285846-6c7a-409c-b7b3-fc1f16bc0ca8,production.living,available,70,23,10,,,
003f1908-ce72-44a3-bb5e-669e703571ce,production.loan,available,70,23,10,,,
5872c11f-f881-4e21-93d4-f8cf47311e71,production.loans,available,70,23,10,,,
80938935-8840-46fe-804d-dcc4705a5359,production.locker,premium,70,23,10,,,
69fd1805-9e3d-4794-9cd9-d37886bd725c,production.ltda,premium,70,23,10,,,
9b38d684-75b4-4121-8235-6521cb8abed9,production.luxe,available,70,23,10,,,
bc105624-9ef5-4707-b703-ff38dfb2ea01,production.luxury,available,70,23,10,,,
4ce3ea15-ca96-44ea-95d6-1fb570c736eb,production.maison,available,70,23,10,,,
e0ac1225-be03-4a13-8f83-d59f64b3410e,production.makeup,available,70,23,10,,,
8a92f22d-a463-48b9-90c1-687519309734,production.market,premium,70,23,10,,,
a47a87e7-7beb-4b49-8b58-5f8521820481,production.marketing,expired,70,23,10,"Sav.com, LLC - 8",22/10/2024 17:00,22/10/2025 17:00
5413db6c-9b78-420c-8fbf-b058fb051211,production.mba,available,70,23,10,,,
04cb9e7f-6e0a-4eae-a899-12a47fcf4b50,production.me,resell,70,23,10,"GoDaddy.com, LLC",06/10/2010 19:42,06/10/2026 19:42
0f1b5c58-6393-4024-9f36-ae1f3241244c,production.melbourne,premium,70,23,10,,,
73445c3c-8be4-41e3-8e01-17e368c7125b,production.meme,premium,70,23,10,,,
c855fe08-aab5-425b-899b-df4bc165b209,production.memorial,available,70,23,10,,,
45c9b518-24db-4fe0-b466-ac56ecb3284a,production.men,premium,70,23,10,,,
be9a370f-085a-4874-80df-d6ea6071aed5,production.menu,available,70,23,10,,,
45dd8083-d6a9-49e7-9476-3c3bc0a4b4b8,production.mobi,premium,70,23,10,,,
e0de9251-91be-4e44-8b03-bd038797fb08,production.moda,available,70,23,10,,,
1449555f-f4da-4a53-a21b-5df8129b4d1e,production.moe,premium,70,23,10,,,
26275777-0b79-42fb-a98a-6d0b523aeae8,production.mom,available,70,23,10,,,
d2f181ec-8b32-45f5-b421-0cfa07a17083,production.monster,resell,70,23,10,Namecheap,19/08/2025 22:44,19/08/2026 23:59
ac4fdc94-1aad-4ff4-8aee-01475883a35d,production.mortgage,available,70,23,10,,,
b3e1245d-b967-4257-b33e-07ef318eb42a,production.motorcycles,available,70,23,10,,,
f6aad591-4ea9-41bb-ba2f-0ceddc5314ec,production.mov,premium,70,23,10,,,
a9f15157-e08f-4074-b018-7140e1bbc6b9,production.movie,available,70,23,10,,,
61f86bf2-0e7c-44d1-bee4-8927361a65ff,production.music,premium,70,23,10,,,
3becb7b8-c04f-40d7-9092-02242087f69d,production.mx,available,70,23,10,,,
7135dec4-a012-46ea-8431-a7ee08974451,production.navy,available,70,23,10,,,
3b6c54b8-dc1a-4b74-ad30-86b81a4221d0,production.network,expired,70,23,10,"GoDaddy.com, LLC",22/10/2022 13:15,22/10/2025 13:15
390e5850-81d3-43e4-a71c-0ce37e932e05,production.news,premium,70,23,10,,,
bd595e9a-c952-49b8-8361-92058254ccfb,production.nexus,premium,70,23,10,,,
9c4f535b-856b-4692-bb35-1ca6f4492396,production.ngo,available,70,23,10,,,
8a058784-51c6-4e33-9bc7-a5a31e442c3f,production.ninja,available,70,23,10,,,
c4523fb6-1863-44ed-92f9-35dd3cb73cb6,production.observer,premium,70,23,10,,,
e54ebf6f-cc0b-4a71-ae18-e6e29523aacf,production.ong,available,70,23,10,,,
2d04dd3b-92d4-427e-9dc3-672db94e0062,production.onl,available,70,23,10,,,
bc741202-d5da-4ed9-8a5d-5fd333414eda,production.online,premium,70,23,10,,,
75840aa0-0352-47e2-98ea-d4f3e9b1d5bb,production.ooo,available,70,23,10,,,
e8223574-f6ca-4aff-b3c3-4de245f65029,production.org,resell,70,23,10,Dynadot Inc,02/10/2001 18:03,02/10/2026 18:03
332f1e06-42be-4b85-b638-0fbe46bb5ec3,production.organic,available,70,23,10,,,
12740365-cf7a-41eb-b714-c592cb021c1d,production.osaka,available,70,23,10,,,
32a1458d-101f-439b-be71-9991c38a149c,production.page,premium,70,23,10,,,
529aed4c-453c-46c1-9898-dbd8fa08dc9b,production.partners,premium,70,23,10,,,
9093c957-fad9-4097-991d-c41b8df918ce,production.parts,available,70,23,10,,,
d2a4ec62-bb68-489e-8f7a-01ed3dac19f1,production.party,premium,70,23,10,,,
d07b88aa-4fbe-4e11-85b2-dc614cf8b649,production.phd,premium,70,23,10,,,
1e947224-717e-47da-828b-25d35497817c,production.photo,premium,70,23,10,,,
1f7aea5c-a186-4f83-a940-e009e3aabe22,production.photography,available,70,23,10,,,
d68d2043-acfe-4009-bf6c-a9dff77060da,production.pics,resell,70,23,10,"Spaceship, Inc.",16/03/2025 15:22,16/03/2026 23:59
9c467846-8750-4379-9c3a-1fa7a859fa1c,production.pink,available,70,23,10,,,
b70f9879-7d2e-4d69-b7f7-5c8d67cbc5c8,production.pizza,available,70,23,10,,,
482aec37-78c5-4f65-bf7d-5db1f0953478,production.place,expiring,70,23,10,"Ascio Technologies, Inc. Danmark - Filial af Ascio technologies, Inc. USA",28/12/2016 16:48,28/12/2025 16:48
baa310a4-e9b2-4fcb-8412-d4e3ef500d98,production.plumbing,available,70,23,10,,,
9a1ea5cd-5e72-45c1-9cdc-46df3146ec2d,production.poker,available,70,23,10,,,
a4628ec2-3c08-464a-9114-ae6a905a4a8c,production.porn,available,70,23,10,,,
bdcaf0b9-da01-4f9b-9b51-ffbab4403a31,production.press,premium,70,23,10,,,
99542522-d7b4-4512-b2a2-6d61c03531c0,production.productions,premium,70,23,10,,,
65e7ca5a-71c8-4dbb-9f41-56f6848da070,production.prof,premium,70,23,10,,,
43db2734-a33f-4d1f-953d-b543e5174ab9,production.promo,resell,70,23,10,IONOS SE,01/12/2025 16:21,01/12/2026 16:21
aa683a3b-b339-4ea5-962a-d0944d8c8176,production.property,premium,70,23,10,,,
1b919c3c-ea9f-4e09-a48d-02c25c0ce09d,production.protection,available,70,23,10,,,
09d1cece-efda-4620-b8e0-d9270d69b600,production.pub,available,70,23,10,,,
48f76cde-b411-4698-a31e-5b3b33d32d06,production.pw,available,70,23,10,,,
8b1ee0ad-0a67-4172-acfb-4fdfd719f675,production.qpon,available,70,23,10,,,
2f23cc0b-3d7d-44db-8df2-434f24c92ad1,production.quest,available,70,23,10,,,
c9d8dbd6-365d-4227-9ef6-b3c308e307d9,production.racing,premium,70,23,10,,,
caddab54-1db0-4049-8ec4-ce7dbcfea268,production.realty,available,70,23,10,,,
07bac29c-5d78-4c23-96cf-d8525021a38c,production.recipes,available,70,23,10,,,
c39a704c-2ecf-4be0-b9e4-e18b995fad05,production.red,available,70,23,10,,,
fc4e0afd-501b-4a1f-ae22-aa142a564961,production.rehab,available,70,23,10,,,
589b8d24-d6ba-49ef-93f2-9ff0f391faa8,production.reise,available,70,23,10,,,
acd9da5d-7466-4f84-894f-38cef935c1b5,production.reisen,available,70,23,10,,,
457a4c5b-1c6d-479d-befb-fa474dee1d41,production.rent,available,70,23,10,,,
df64baa0-fd26-48e0-b6a1-d0ff86544c79,production.repair,available,70,23,10,,,
1093f11b-aa9f-414d-b75d-b099796f33a4,production.report,available,70,23,10,,,
f7252fb6-2424-474c-9e07-618e2d8bf2fd,production.republican,available,70,23,10,,,
8ab8fc6a-654b-4cda-b8fe-b9de7547123e,production.rest,premium,70,23,10,,,
079c9d71-4d4f-46dc-ba4d-0cb486a11cd6,production.restaurant,available,70,23,10,,,
f4c59082-0346-4d1a-a765-a66a8987d421,production.review,premium,70,23,10,,,
3d219768-8d1e-4326-b8b4-6d0812a0ad02,production.reviews,available,70,23,10,,,
157dfbef-27a3-49ec-9e4a-aa91b3c9ce42,production.rich,available,70,23,10,,,
4f33326f-013f-442e-a75a-78b92d284ef6,production.rocks,available,70,23,10,,,
ec181bd5-a317-412e-aa40-1ac5cb00269b,production.rodeo,available,70,23,10,,,
a4f42280-882d-46f5-9130-3f712250f434,production.rsvp,premium,70,23,10,,,
d28de34f-8f95-4ac2-b77a-7f6ee3df4899,production.sale,resell,70,23,10,"Xiamen ChinaSource Internet Service Co., Ltd",07/05/2025 15:15,07/05/2026 15:15
8c644c3b-8ba5-40ac-a3de-fdc95e328fbe,production.salon,available,70,23,10,,,
2e9dcf29-3ca4-45bc-974a-15db662dbe4e,production.sarl,available,70,23,10,,,
e574260b-7076-4016-b11b-7d9da37323c0,production.sbs,premium,70,23,10,,,
9df504ce-bc95-4984-a0e5-40156962bd28,production.school,available,70,23,10,,,
df44da80-4033-4a75-8928-545b7ae40dec,production.schule,available,70,23,10,,,
835034aa-2836-469d-8804-0caa2629dc65,production.science,premium,70,23,10,,,
a2ad1c2d-08a6-4d52-af60-8c8a6976b07a,production.security,available,70,23,10,,,
de12172c-28d9-4a92-b218-47c50983f459,production.sexy,available,70,23,10,,,
f4bc9a14-fe39-401f-89b8-e6f77e686d19,production.sh,available,70,23,10,,,
00208652-4f6e-4b26-a612-9e978b017c73,production.shiksha,available,70,23,10,,,
47f6b793-ca51-4116-9be6-24e02c0f443f,production.shoes,available,70,23,10,,,
9a168d33-38ad-46d6-afcf-5723c6f3c853,production.shopping,available,70,23,10,,,
95ba8a88-d57c-4c7e-8d3c-cb162dc82488,production.show,available,70,23,10,,,
4b463457-3ff9-4639-a2e3-b5c4de72986b,production.singles,available,70,23,10,,,
ac05986d-0fe1-4d5b-b5cf-789029482be1,production.site,premium,70,23,10,,,
56974d25-0060-4532-b7dd-912d9a0be75d,production.ski,available,70,23,10,,,
b22e5df0-2805-49ad-a9f9-745c00cca80d,production.skin,available,70,23,10,,,
8c2075b2-1686-4d1f-ab06-01e5a20311e6,production.soccer,available,70,23,10,,,
f6a5670e-a85a-4c4c-bf2e-4e08fb08d429,production.social,resell,70,23,10,"DNSPod, Inc.",11/05/2023 15:15,11/05/2026 15:15
ec1f5a67-1c4c-499a-b342-a7466b9ac8a5,production.software,premium,70,23,10,,,
fa156355-a4d9-476b-9776-fef5426f5f9e,production.soy,premium,70,23,10,,,
3118a1bb-7a46-4e40-873f-ede1f27db978,production.space,premium,70,23,10,,,
a369402b-cfa8-4f23-961e-ceae99571c25,production.spot,premium,70,23,10,,,
312126e8-bbe8-4f33-a11f-007d998bf13f,production.srl,available,70,23,10,,,
d3e11c56-3e84-4a2e-92e4-76610dfd4f86,production.storage,available,70,23,10,,,
8eb2eda6-1550-4fb8-baa8-304cd75e2c97,production.store,premium,70,23,10,,,
e2f32079-57fd-47e3-8b11-e312ddb94c24,production.stream,premium,70,23,10,,,
a72593a5-4a74-457c-86e4-9a265818a329,production.studio,premium,70,23,10,,,
50ce7d8a-d591-4e40-b423-fd6cd4958b65,production.study,premium,70,23,10,,,
47c9f787-2c40-4c1e-acea-bc3c52bc0e98,production.style,available,70,23,10,,,
a36b24ed-d0bc-4fa1-88d2-81dd83067493,production.sucks,premium,70,23,10,,,
8a631f45-aa9b-4f76-b9e4-a2ae7111cc19,production.surf,available,70,23,10,,,
bbf5fe3e-917a-43a7-bff4-1e1acc050c34,production.surgery,available,70,23,10,,,
d008bdf1-dfc8-45c9-9fe2-c69a7522584c,production.sydney,premium,70,23,10,,,
9b3ad3d7-245c-48cb-9d01-16ed4ff25cf3,production.talk,premium,70,23,10,,,
3e43078d-37a5-40f7-9866-041e1a7f94e1,production.tattoo,available,70,23,10,,,
3a1a6fc5-d3e6-45e9-b0f2-e5cb9a5a0f2b,production.tax,available,70,23,10,,,
99199234-be85-41f6-a783-b6a3913520c0,production.taxi,available,70,23,10,,,
24470564-017e-474d-a43c-8a363bba4692,production.tech,premium,70,23,10,,,
db1541d4-d43e-4c1f-a591-424acb10a279,production.tel,available,70,23,10,,,
e13847a4-5ebb-4232-94a1-41f7315ce7e8,production.tennis,available,70,23,10,,,
a72f72c8-f5b4-431e-9fd0-7047f82425c6,production.theater,available,70,23,10,,,
c6881c5b-1e8c-4a09-95d2-de2998e20a36,production.theatre,available,70,23,10,,,
14a405ce-8e43-46b1-93a4-d10fc84fa44d,production.tickets,available,70,23,10,,,
09dc3170-bff0-4014-93ed-b0023ff418e0,production.tienda,available,70,23,10,,,
a3a4e206-f5c7-447f-b06f-2c5f47ac6af6,production.tires,available,70,23,10,,,
497e90d3-50f8-4cc7-89e2-0f139afb8e43,production.top,premium,70,23,10,,,
9432fea7-561f-4581-8ff3-cd10f81a2481,production.tours,available,70,23,10,,,
c772c21c-d471-4329-b260-8ddec4483d6a,production.town,available,70,23,10,,,
aad7aa20-82a4-4614-8a09-277cbfecb461,production.toys,available,70,23,10,,,
cffbf2c4-ba80-416e-94dc-b497a28f735f,production.trade,resell,70,23,10,Porkbun,20/06/2021 02:20,20/06/2026 02:20
772d317c-b034-4fba-9e62-368951f4c8cc,production.tube,premium,70,23,10,,,
f433415c-0053-4e1c-8ed9-d5db8f0c4c9e,production.tv,resell,70,23,10,1API GmbH,18/03/2010 18:33,18/03/2026 18:33
4519d64a-a09e-4ec7-b0f4-7726a6f25821,production.university,available,70,23,10,,,
ad9366cb-ce63-44dd-adda-c4dfdbd943a1,production.uno,premium,70,23,10,,,
c9ccaa83-fb04-4146-b446-c5c2e503b0bf,production.vacations,available,70,23,10,,,
e3fe56c3-daef-4421-832b-6c4dd2043935,production.vana,available,70,23,10,,,
4695eb35-9350-4a2a-a7bf-0a99eb2065d7,production.vc,resell,70,23,10,Dynadot Inc,03/03/2025 08:35,03/03/2027 08:35
a59f6be0-51bd-4701-8e49-db8f8c396230,production.ventures,available,70,23,10,,,
e3db6042-dc78-4f02-a4f1-91d68583e287,production.vet,available,70,23,10,,,
4ea1b554-6f2a-4423-80b3-f23b6d34899e,production.viajes,available,70,23,10,,,
8721bf3f-d4c6-485c-baaa-bbb57d7980e5,production.video,premium,70,23,10,,,
73cf7a82-b641-467c-ae06-e01bbf096797,production.villas,available,70,23,10,,,
3c7fc7d9-90a7-4df0-ad51-fe45e5502ce3,production.vin,available,70,23,10,,,
0ec8ce88-dc81-4f94-bb61-3786b8ef77c5,production.vip,resell,70,23,10,West263 International Limited,14/08/2019 07:00,14/08/2026 07:00
d6bc65de-731b-4478-8c1c-d74e1a20d59d,production.vodka,available,70,23,10,,,
01317fbf-51bb-4f6e-bd3b-47124fe64ed3,production.vote,available,70,23,10,,,
4f890429-f9c4-46df-b43a-ef9c93b5e2e8,production.voting,available,70,23,10,,,
ad27b266-5c83-4f1a-a479-9d0c1b6a1bc5,production.voto,available,70,23,10,,,
f5532b4e-89d4-46da-90fd-cb1f7ee7a47a,production.voyage,available,70,23,10,,,
166b0528-bb83-4d6a-98a8-69783cc6ae99,production.watch,available,70,23,10,,,
44f1e372-2668-4051-8233-4f56e76f349b,production.webcam,available,70,23,10,,,
0d372326-773d-40d2-8499-4ed61cea2002,production.website,premium,70,23,10,,,
c5220a54-61ec-42b7-8b9f-b2a5a7a0efa6,production.wedding,available,70,23,10,,,
ab626473-b58f-478a-aa6d-40c7bb7e4bc9,production.wiki,resell,70,23,10,"Sav.com, LLC - 8",24/02/2025 00:00,24/02/2026 00:00
138ed64c-b967-4c01-b2b0-43f4250c710c,production.win,premium,70,23,10,,,
92cc09ec-ba54-4bf0-b0e3-d72dd8f7e446,production.wine,available,70,23,10,,,
940eb48c-5921-49ce-81b4-5e0a9e31477a,production.work,premium,70,23,10,,,
bdf56817-a158-42c0-89e3-7f49fc7b860a,production.works,resell,70,23,10,"Sav.com, LLC - 27",08/05/2025 15:15,08/05/2026 15:15
6b290e21-90e2-48ee-adae-f9fc4c215359,production.yoga,available,70,23,10,,,
c16b38b9-618e-4f6c-9887-6a62cd21c8d3,production.you,premium,70,23,10,,,
dd76f4c6-83f6-46fa-a76e-0e11d53eb926,production.zip,premium,70,23,10,,,
5bd5a52c-6563-4814-8835-5c6668788046,streaming.accountant,premium,88,24,9,,,
a537d32e-3b6c-4e90-9322-b8dc759aaae9,streaming.accountants,available,88,24,9,,,
4fcf1efc-d366-48b9-b874-87b146784fb9,streaming.actor,available,88,24,9,,,
f9d81ad5-86c2-4567-b992-4085c2d1f132,streaming.adult,premium,88,24,9,,,
8b9fa308-900f-4d03-8cf2-744aed8867ad,streaming.agency,resell,88,24,9,"Sav.com, LLC",04/09/2022 21:25,04/09/2026 21:25
f037c18d-fbd6-45d9-b425-71df90ef86a8,streaming.ai,sold,88,24,9,Dynadot Inc,16/12/2017 01:51,08/02/2027 16:00
60cffa3f-d8af-4acc-827a-c874dfb82d96,streaming.airforce,available,88,24,9,,,
0c9853da-0875-4fc8-bf7f-014edb3ccc79,streaming.apartments,available,88,24,9,,,
9da60110-e0b9-4a1a-a90f-9c04af0e09ac,streaming.app,resell,88,24,9,1API GmbH,04/05/2018 16:00,04/05/2026 16:00
46d1584e-2322-4504-9bf8-1bd24561602f,streaming.archi,available,88,24,9,,,
542cb5e3-3b5a-450f-94d2-7d89184fe6ff,streaming.army,available,88,24,9,,,
f0ebbbeb-dfea-47de-b5b9-fb2019dc54dd,streaming.art,premium,88,24,9,,,
ee21cc08-83b4-4aff-ba34-e70fb2ee3372,streaming.associates,available,88,24,9,,,
7837bab3-08fb-4408-9c5d-90aee871d9b0,streaming.at,available,88,24,9,,,
73e7bf0e-0ff2-4841-915a-1664a94e21af,streaming.attorney,available,88,24,9,,,
2c7dbd6b-bd0a-4f25-8ba9-e5b2b26fe3f8,streaming.auction,resell,88,24,9,Epik LLC,18/01/2015 21:47,18/01/2026 21:47
c8cd4106-d216-4475-9561-ded19a566833,streaming.auto,available,88,24,9,,,
6f8c810f-3cd7-402f-8153-9b3f3bd480dc,streaming.autos,resell,88,24,9,Namecheap,16/02/2025 18:26,16/02/2026 23:59
f69e6bc7-ab2f-49e8-8ec1-5472529d1d85,streaming.baby,resell,88,24,9,"Spaceship, Inc.",25/06/2025 13:44,25/06/2026 23:59
ac6af9f0-3759-43ab-a5dd-844eb809418a,streaming.band,available,88,24,9,,,
07f33f00-a2bb-4559-bed4-83863b80b9d3,streaming.bargains,available,88,24,9,,,
90e4e273-ce3d-474b-919f-93ecc6e76719,streaming.beauty,resell,88,24,9,"Spaceship, Inc.",23/11/2025 21:30,23/11/2026 23:59
374aea3e-cac9-47e2-9562-7329d6693942,streaming.best,sold,88,24,9,Dynadot LLC,13/05/2024 00:05,13/05/2026 23:59
67ca5f43-72ea-4ca9-8615-731e0f3e4138,streaming.bet,sold,88,24,9,Dynadot Inc,10/06/2022 17:00,10/06/2026 17:00
33c2fa4a-2970-4ceb-b465-58dc12471e3d,streaming.bid,premium,88,24,9,,,
882496d0-d94b-4d83-b553-9a7731f3ee51,streaming.bingo,available,88,24,9,,,
34f95754-06d5-4dd2-b2e9-2a4d5f19f7fe,streaming.bio,sold,88,24,9,CommuniGal Communication Ltd.,25/09/2025 15:15,25/09/2026 15:15
edcba0ea-37af-4c00-bcc4-08c316ec30ff,streaming.biz,premium,88,24,9,,,
d6898bd0-ccd1-4045-b2a5-090dc51fea15,streaming.black,available,88,24,9,,,
5def4ef0-96fd-4bbe-8505-66a5dd67c0d9,streaming.blackfriday,available,88,24,9,,,
a27ebeae-0b12-43bb-af51-40fca7af8cd9,streaming.blog,premium,88,24,9,,,
b4030eb5-43bb-4845-a4f1-c0f5546d129e,streaming.blue,sold,88,24,9,"Spaceship, Inc.",27/05/2018 21:38,27/05/2027 21:38
295b28d4-b419-423a-951d-d76a60287a71,streaming.boats,available,88,24,9,,,
041607ce-ac6c-4d7a-ba33-118f998e703c,streaming.bond,premium,88,24,9,,,
12b9b8cb-6c3d-44c6-b239-08565d7cd577,streaming.boo,premium,88,24,9,,,
81d52232-5ff4-40b5-9ff7-5149db3e4104,streaming.boston,available,88,24,9,,,
1b17eb5c-ce84-4fbb-9a06-db8b86b34216,streaming.boutique,available,88,24,9,,,
cbc82086-b3af-4ad6-9c05-14cee30154e4,streaming.build,premium,88,24,9,,,
205c2b57-96d8-4920-b730-6a8510ff5777,streaming.builders,available,88,24,9,,,
51940c94-327f-47d3-9c3f-0baa51452a33,streaming.business,sold,88,24,9,Dynadot Inc,16/03/2019 09:18,16/03/2026 09:18
783749ae-2bab-44c6-b893-da06b7212ed9,streaming.buzz,premium,88,24,9,,,
70f1b764-5d81-45d1-929e-7795d83416b8,streaming.bz,available,88,24,9,,,
f663d398-008b-4264-850b-5543f331d776,streaming.ca,sold,88,24,9,"Go Daddy Domains Canada, Inc",13/03/2013 19:30,13/03/2026 19:30
68c43ba3-42ca-4ddb-bfc6-b21c0ac5a32c,streaming.cab,available,88,24,9,,,
63baf824-da05-47d4-a7cd-a1c941c01975,streaming.cafe,available,88,24,9,,,
672e0c54-5ba3-4982-926d-e8659b1598fc,streaming.cam,premium,88,24,9,,,
ae0dfc70-3e47-4098-87e9-77bccd08e0d3,streaming.camera,premium,88,24,9,,,
f4b47dba-5f00-48b9-b64d-fc7fea4d96ad,streaming.camp,available,88,24,9,,,
e440248f-34fe-4e7b-91d9-6191a8a67202,streaming.capital,available,88,24,9,,,
7451e2d2-6c3f-42c3-8913-aa58f3e47fdb,streaming.car,available,88,24,9,,,
0e1b756b-ba3f-4aa3-84ee-dbae952e84e1,streaming.care,available,88,24,9,,,
a27dbb11-86ea-4db7-8492-d008e347c71c,streaming.careers,available,88,24,9,,,
0023ec3d-5274-44d7-a086-6edc56600fab,streaming.cars,available,88,24,9,,,
f36080b8-80ad-41fa-9cd7-8f109eabe49f,streaming.cash,sold,88,24,9,"Sav.com, LLC - 11",04/03/2024 15:15,04/03/2026 15:15
db44c432-54c2-4c00-b7be-95d799edf007,streaming.catering,available,88,24,9,,,
aed71818-d335-45f7-8089-1b508266c265,streaming.ceo,available,88,24,9,,,
27f1d1d4-33dd-48d0-a5b1-fb393bbdc0e2,streaming.cfd,resell,88,24,9,"Global Domains International, Inc.",20/04/2022 12:32,20/04/2026 23:59
476ecb48-670c-412e-b8f9-7af8f58dc07f,streaming.charity,available,88,24,9,,,
46c0eb38-0aff-421f-b01a-5470d4996165,streaming.chat,sold,88,24,9,Dynadot Inc,20/05/2020 19:33,20/05/2026 19:33
de96b311-fc8a-423a-ad6b-c66b15c974c2,streaming.cheap,sold,88,24,9,Dynadot Inc,08/03/2022 17:00,08/03/2026 17:00
f1c314cb-728c-4407-9d40-c9b77ff9219e,streaming.christmas,sold,88,24,9,"Spaceship, Inc.",05/12/2025 08:05,05/12/2026 23:59
ce5bf934-10cd-4fee-a049-402ac572a3dd,streaming.city,resell,88,24,9,"Xiamen ChinaSource Internet Service Co., Ltd",29/10/2024 17:00,29/10/2026 17:00
975c29ca-b582-4d4c-aea4-b3892e981001,streaming.claims,available,88,24,9,,,
ac823964-448a-4ab7-9c3a-e258bb2717c1,streaming.cleaning,available,88,24,9,,,
e938f0f7-e0cc-48e2-98cd-0b8f6314f74d,streaming.click,resell,88,24,9,"Spaceship, Inc.",16/08/2017 11:09,16/08/2026 11:09
cb9c985e-8e2f-47ea-bc55-e304b89e5beb,streaming.clinic,available,88,24,9,,,
3782bf05-4186-4453-9d59-215c349df854,streaming.clothing,available,88,24,9,,,
f966ba67-37fa-41ea-9c9d-cfd297122170,streaming.cloud,premium,88,24,9,,,
1106234b-f5b1-423f-9b9a-d081cc6df8a2,streaming.coach,available,88,24,9,,,
442612e8-a794-4805-95f3-bdf1c7ed0dc2,streaming.codes,premium,88,24,9,,,
a44182cc-bd22-473d-be99-507c79e942fb,streaming.coffee,available,88,24,9,,,
7988e6af-3aa8-481e-8013-e96cf2447825,streaming.college,available,88,24,9,,,
97276d11-3c0d-48e7-a502-d3286cd299bf,streaming.community,resell,88,24,9,Dynadot Inc,17/02/2022 17:00,17/02/2026 17:00
f1d11dc5-9f6b-47b9-9776-3ed7ca239003,streaming.company,resell,88,24,9,"Chengdu West Dimension Digital Technology Co., Ltd.",27/12/2018 08:20,27/12/2026 08:20
846cbbb8-7192-4164-a8d5-8278375e2e9a,streaming.computer,available,88,24,9,,,
d29f92ca-70fb-4be8-92c7-1cf877deaef2,streaming.condos,available,88,24,9,,,
59c18f8a-ebdd-4cd4-a8e4-cf0f38522f24,streaming.construction,available,88,24,9,,,
8079b680-0d5c-40f6-9e2a-4630554b3c06,streaming.consulting,available,88,24,9,,,
c6c6d4a2-fcfe-4721-8f80-4ac5d377c1ab,streaming.contact,available,88,24,9,,,
779e758c-495f-4ae5-89b5-210d8f4fcfae,streaming.contractors,available,88,24,9,,,
2a2a017f-6ba0-403a-a6f1-7dbc7c2d2676,streaming.cooking,available,88,24,9,,,
526c9978-2566-43be-9570-701280609479,streaming.cool,resell,88,24,9,Dynadot Inc,05/04/2019 22:01,05/04/2026 22:01
93ade92b-f4b4-48a2-8534-63a122637745,streaming.country,available,88,24,9,,,
e6d38f1f-88ed-409a-b218-fbbf96a81b09,streaming.coupons,available,88,24,9,,,
b931ab87-ef19-4ab7-8d5d-812986eb5459,streaming.courses,premium,88,24,9,,,
0ca06676-4590-43c0-bcd5-5c11237a47b2,streaming.credit,available,88,24,9,,,
7385bed0-cc16-4df8-9ba7-1ef78a6bd797,streaming.creditcard,available,88,24,9,,,
ecc73e15-40af-4989-9247-9a8c8c1ce123,streaming.cricket,available,88,24,9,,,
74c8c367-4985-4bdc-8051-e63ed1e82941,streaming.cruises,available,88,24,9,,,
c71966c6-1404-4d69-b2e5-c95d92792c25,streaming.cx,available,88,24,9,,,
2153d69f-6ce4-4da9-9239-4699b35de5ce,streaming.cyou,premium,88,24,9,,,
d357b72c-1bfc-46bc-b7c3-d41b213f1019,streaming.dad,premium,88,24,9,,,
e0d4e7f3-4af6-47bc-a598-96f0332be1bb,streaming.dance,available,88,24,9,,,
d4e85cc7-b064-4aac-b3b1-7c8758924068,streaming.date,premium,88,24,9,,,
0ef97042-e9e4-4e5b-b1d4-525332b5b97a,streaming.dating,available,88,24,9,,,
b9d00ae4-fc96-4e3e-93b1-807dd6ab1bd7,streaming.day,premium,88,24,9,,,
8247a6e6-1f4f-4a80-943f-e0b046ab93ae,streaming.deal,premium,88,24,9,,,
c856e8ef-d3a3-4b70-b96b-1d82e422374d,streaming.dealer,premium,88,24,9,,,
8078bbf0-51ab-485b-ac8d-e55a67bb0ecb,streaming.degree,available,88,24,9,,,
e078557e-ae39-4243-95b3-b5b7c93c91a2,streaming.delivery,resell,88,24,9,"Sav.com, LLC",08/06/2015 20:23,08/06/2026 20:23
a789b922-99d3-45a7-83ad-ead131600246,streaming.democrat,available,88,24,9,,,
45604060-f845-4822-a9cf-72d4c832759a,streaming.dental,available,88,24,9,,,
e3fdc1d6-63c3-4e95-b7ea-2f020d5ddde7,streaming.dentist,available,88,24,9,,,
4ae389dc-08f7-4d83-afe1-03cff52cd05f,streaming.design,expiring,88,24,9,"Spaceship, Inc.",08/01/2025 04:39,08/01/2026 04:39
ed810685-8d65-4d9e-b110-2cd8bf38401f,streaming.dev,premium,88,24,9,,,
96083442-f773-47f8-8d96-6aeff2fae9b7,streaming.diamonds,available,88,24,9,,,
cf8fd236-8d3f-46c5-9ae5-23173721fbdd,streaming.diet,available,88,24,9,,,
ae00193e-bd0b-4389-b50f-99ed86dcee2b,streaming.digital,resell,88,24,9,Cronon GmbH,10/09/2014 16:00,10/09/2026 16:00
09660b17-77a6-4070-a6b8-992fd1d31c78,streaming.direct,sold,88,24,9,1API GmbH,19/05/2023 17:00,19/05/2026 17:00
bc0f621c-558a-4628-ad8a-465c53203393,streaming.discount,available,88,24,9,,,
7f608e1b-f793-4f1e-a52c-aa6f33282ada,streaming.doctor,available,88,24,9,,,
dd381a23-1b94-405d-b83e-9b1e674e069f,streaming.dog,available,88,24,9,,,
2b651ae5-9a79-4482-9fff-7f8540a2e7f2,streaming.domains,available,88,24,9,,,
28d2143c-041f-470d-aae2-7472d650335d,streaming.download,premium,88,24,9,,,
ec287d43-86ab-41a7-a468-18e36ef4c570,streaming.energy,available,88,24,9,,,
9cc06245-bbf6-4d34-91a2-eac2594a7b03,streaming.engineer,available,88,24,9,,,
87f21742-62da-4731-81ac-e558b4b1b2ae,streaming.engineering,available,88,24,9,,,
68c62947-3b51-4b92-b20c-901af8d66437,streaming.equipment,sold,88,24,9,Dynadot Inc,04/02/2021 22:26,04/02/2026 22:26
3183e9fd-b809-4759-8b57-e132047cfd24,streaming.esq,premium,88,24,9,,,
af37741f-9550-42ed-be44-6a1442f17bc1,streaming.estate,available,88,24,9,,,
269c0152-84c0-4a27-bdde-9f81a01731f3,streaming.eu,resell,88,24,9,Name: Realtime Register B.V. Website: https://www.realtimeregister.com,,
ad36ee68-3d00-45f0-9de4-4cdc224290d9,streaming.exchange,premium,88,24,9,,,
fc98d41b-c846-43ea-8f24-02ce7dde54de,streaming.express,available,88,24,9,,,
5f7f5b14-d18e-42cb-8b97-f948c12e9aba,streaming.fail,available,88,24,9,,,
63d6869f-826b-4261-8c7d-0a04c9781c4c,streaming.faith,expired,88,24,9,Tucows Domains Inc.,03/11/2022 10:51,03/11/2025 10:51
cc8e0b4c-0112-4be6-abc7-124e821265c1,streaming.family,premium,88,24,9,,,
c6ec96fb-424a-444b-9fdb-0f5c0f68893d,streaming.fan,premium,88,24,9,,,
d28c5942-855f-4efe-93c3-b0f29b273ae6,streaming.fans,premium,88,24,9,,,
39c9ac8b-f345-41f9-8d95-44707e871dba,streaming.farm,sold,88,24,9,"GoDaddy.com, LLC",09/11/2025 16:23,09/11/2026 16:23
97fe4129-b706-49e2-b57c-1e59d2dcc064,streaming.fashion,available,88,24,9,,,
3f6de04a-b7c6-4112-9d9b-afce14ee0a54,streaming.fast,premium,88,24,9,,,
b66017ef-b8c6-430a-a8fc-8d0c9fcc1155,streaming.film,premium,88,24,9,,,
b0efe403-2a31-4d72-8fe8-8d115ccba114,streaming.finance,expiring,88,24,9,Dynadot Inc,17/12/2022 07:11,17/12/2025 07:11
c0a0af11-aecf-4928-951d-8148ee7707d6,streaming.financial,available,88,24,9,,,
b19af1df-af38-46aa-9111-e168d0ea716e,streaming.fish,available,88,24,9,,,
d3b59804-d513-4e1b-b90f-65a312a8a52f,streaming.fishing,available,88,24,9,,,
1e1667c5-0e1e-407b-a38e-e42df8bcec34,streaming.fit,available,88,24,9,,,
a37c792f-8811-47b5-968b-5ba7f51a70cd,streaming.fitness,sold,88,24,9,Dynadot Inc,29/05/2020 01:04,29/05/2026 01:04
2f8417ac-fde1-407f-ac59-1d536bf2c9bb,streaming.flights,available,88,24,9,,,
7de9b298-aa7a-44de-b956-bcc7cf8864db,streaming.florist,available,88,24,9,,,
0334be14-b0f7-4b9b-90a1-8f2c92ebbcba,streaming.flowers,available,88,24,9,,,
c9358bbe-bdbe-4933-a2ff-340b2eb1f68c,streaming.foo,premium,88,24,9,,,
bda92ccc-3b35-42ae-874d-bd5d4a8f029b,streaming.food,resell,88,24,9,GoDaddy,14/07/2025 11:32,14/07/2026 11:32
b35f705d-13e0-4b66-84d5-31c618997521,streaming.football,premium,88,24,9,,,
130fee45-b7fa-49d6-a962-ee96a33c1090,streaming.foundation,sold,88,24,9,"GoDaddy.com, LLC",09/11/2025 16:23,09/11/2026 16:23
8a7f6140-1adf-4e16-b035-705e5e7f2037,streaming.free,premium,88,24,9,,,
2961be9c-5e2e-42d7-b6f9-d81383b16b30,streaming.fun,premium,88,24,9,,,
9e7aa9d5-41cd-46fe-9dd4-08178d983a0b,streaming.furniture,available,88,24,9,,,
2e179c76-6b83-443a-8c72-7deb6c707cb4,streaming.futbol,available,88,24,9,,,
3dbe0c30-baaa-4aaa-838d-3a5bf6076d62,streaming.fyi,premium,88,24,9,,,
2664c568-181e-4161-a00d-55fd981ec8d1,streaming.gallery,sold,88,24,9,Dynadot Inc,01/09/2024 02:31,01/09/2026 02:31
3d532475-781d-4924-b478-3c76372d991e,streaming.game,available,88,24,9,,,
d6893527-5f91-4754-9709-706efcc4d881,streaming.games,premium,88,24,9,,,
2da3e8a9-f49a-42ba-86f3-7094e6ffef4a,streaming.garden,available,88,24,9,,,
9117583b-e84a-4640-ad6e-f78fb362779d,streaming.gay,premium,88,24,9,,,
9d861f0a-8cb1-4666-b370-4be08300ab16,streaming.gg,resell,88,24,9,Sav.com LLC (https://www.sav.com),,
69696e31-9d4b-43f8-84db-a485efbfe04c,streaming.gifts,available,88,24,9,,,
6a415048-7e47-44f9-aca3-fcb7613fbd45,streaming.gives,available,88,24,9,,,
e0256b58-fc33-493b-9ae7-1fb675b72634,streaming.giving,available,88,24,9,,,
89f318f4-f77a-4b45-af32-ffe16314e5be,streaming.glass,available,88,24,9,,,
2d0a3273-5703-4643-9b66-b96460c7e09c,streaming.gmbh,available,88,24,9,,,
5a397602-2338-4dac-a37e-863e90bff459,streaming.gold,premium,88,24,9,,,
ae6d72a2-4b86-421f-bcdc-44699598939e,streaming.golf,expired,88,24,9,"GoDaddy.com, LLC",05/10/2024 12:08,05/10/2025 12:08
2bcba34b-1ba6-45a4-af01-22dc012920ea,streaming.graphics,available,88,24,9,,,
57249d5b-d6d4-43b8-be2a-0646ef814331,streaming.gratis,resell,88,24,9,"GoDaddy.com, LLC",02/11/2016 18:26,02/11/2026 18:26
8e4b2e46-6e09-4c44-bfa1-887a5f47d4e1,streaming.green,premium,88,24,9,,,
6a1f68d5-386e-49b1-a608-313d50716553,streaming.gripe,available,88,24,9,,,
020a68dc-7769-4790-949f-6142adbee7f3,streaming.group,resell,88,24,9,"Xiamen ChinaSource Internet Service Co., Ltd",20/08/2017 02:07,20/08/2026 02:07
74a09476-381b-4dcd-9ffd-e7aa6538c31f,streaming.guide,sold,88,24,9,Tucows Domains Inc.,16/09/2014 06:05,16/09/2026 06:05
6123909a-1742-48bb-a5cb-09ba9ef24192,streaming.guitars,available,88,24,9,,,
98b33090-5e56-4ff4-ac5e-9886a3a52a77,streaming.hair,available,88,24,9,,,
abd12c28-ec73-4668-a47f-cf59f64992d6,streaming.health,available,88,24,9,,,
e0272778-051d-4ff5-95c2-babda64bc250,streaming.healthcare,available,88,24,9,,,
0c703201-3bac-48f5-9165-0e81a70fe47d,streaming.hiphop,premium,88,24,9,,,
cd276ff5-d385-4ff8-a56f-d1ada25b755c,streaming.hiv,available,88,24,9,,,
6d0de0d8-69f9-4792-bbf5-ecfbdfc8a265,streaming.hockey,expired,88,24,9,"NameCheap, Inc.",11/10/2016 08:48,11/10/2025 08:48
5fb70d07-6270-4884-a40b-04e045633fe7,streaming.holdings,available,88,24,9,,,
ea7caad4-88fe-4188-8275-aa740ff768b6,streaming.holiday,available,88,24,9,,,
5fb64f90-d8aa-48ba-af9e-f51d9985e4f1,streaming.homes,available,88,24,9,,,
1e4f9985-1b2c-41fc-b465-6b4266cda9cd,streaming.hospital,available,88,24,9,,,
e7779ddb-dbc9-4b7a-81e2-f007d212fd04,streaming.host,premium,88,24,9,,,
9557754b-1868-45d0-b2ea-46e5bc0b4d17,streaming.hosting,expiring,88,24,9,"XYZ.com, LLC",10/01/2025 08:45,10/01/2026 23:59
6889e30e-6166-4f57-b58a-2b4b2bc083a9,streaming.hot,premium,88,24,9,,,
17ee95d2-60bb-48ba-9e46-60cfaa6c7c35,streaming.house,available,88,24,9,,,
7d6bb1eb-d66a-4271-851a-1a03a302dcca,streaming.icu,premium,88,24,9,,,
7b997c6a-edcf-405b-8417-3b97fcc7c6be,streaming.im,premium,88,24,9,,,
ca36bbf8-e170-4a1e-ae2a-8bb57e17a2b3,streaming.immo,available,88,24,9,,,
8b555b89-d3db-4f8d-b034-9fc4fc74f964,streaming.immobilien,available,88,24,9,,,
157e2a72-0a52-4792-a2f5-5d2e36a50d2b,streaming.in,resell,88,24,9,"Dynadot, LLC",05/05/2013 20:00,05/05/2031 20:00
93f1df67-3edd-4600-b1d5-1631eb53caba,streaming.inc,premium,88,24,9,,,
c286dc0c-f860-431b-8484-d991afc693c5,streaming.industries,available,88,24,9,,,
6761c5f1-be09-441c-ac0b-1d003cc79c1f,streaming.info,resell,88,24,9,"Sav.com, LLC - 3",09/12/2024 15:15,09/12/2026 15:15
82d71f52-9a5c-40d6-893f-45d4c33d4ff1,streaming.institute,available,88,24,9,,,
8d9d6e23-da24-45c5-a62c-2b8ed7f0947f,streaming.insure,available,88,24,9,,,
cd0224f0-a524-4574-bf5a-c29310def438,streaming.international,sold,88,24,9,Dynadot Inc,18/09/2020 05:03,18/09/2026 05:03
dabdb194-4b5f-4181-a49e-74406ce85500,streaming.investments,available,88,24,9,,,
1358886a-0fb0-4ccb-89f7-0a0a2c41b812,streaming.irish,available,88,24,9,,,
805b223a-8a52-469b-9584-167d1aed6c99,streaming.jewelry,available,88,24,9,,,
b3979f75-121f-4fe5-931b-4316da6c16ff,streaming.juegos,available,88,24,9,,,
129446ef-7745-4912-986a-7f760777e0e2,streaming.kaufen,available,88,24,9,,,
0a4981b9-9e7f-4663-8390-24d213493f30,streaming.kids,resell,88,24,9,"GoDaddy.com, LLC",21/10/2022 05:40,21/10/2026 05:40
7209b6e3-9938-4038-b891-b1244994da83,streaming.kitchen,available,88,24,9,,,
ddc55f2e-0ce6-4972-b099-7218dd9e582d,streaming.land,premium,88,24,9,,,
ec650525-2c20-49ef-8671-0aa16ce000a8,streaming.law,available,88,24,9,,,
181674d9-fc66-4525-804a-534af451729b,streaming.lease,available,88,24,9,,,
381dbdd9-4339-4f8b-9456-a508d1f60d56,streaming.lgbt,available,88,24,9,,,
e31ea944-c78d-402c-a3c7-66c33797c44b,streaming.lifestyle,premium,88,24,9,,,
8ae96e06-65bc-4b2f-a0db-b70a0741b5c1,streaming.limited,available,88,24,9,,,
30eb9aee-f19b-4244-97b9-235fc82f66cf,streaming.limo,available,88,24,9,,,
a69dfcae-9231-4b31-b079-59ae9efa03f7,streaming.living,available,88,24,9,,,
22b265f3-b720-494f-b7da-ad4cbe3565f6,streaming.llc,premium,88,24,9,,,
a0d3932d-1076-416e-b972-cad73ee00960,streaming.loan,premium,88,24,9,,,
12172245-8f36-40fb-ac55-f687c15c3988,streaming.loans,available,88,24,9,,,
4ff10965-6ce7-44f4-9810-d2553cf41fa8,streaming.locker,premium,88,24,9,,,
60f18980-6a18-486e-8a99-ff94a548859c,streaming.lol,sold,88,24,9,Global Domain Group LLC,05/09/2025 00:49,05/09/2026 23:59
1ca3df6c-0ae1-4895-95c5-efc730e6dcb1,streaming.ltd,premium,88,24,9,,,
bf2d0757-62df-42e0-b106-c2868289a95a,streaming.ltda,available,88,24,9,,,
cc239cc4-b38e-4f70-ba8d-a8dc6f46a747,streaming.luxury,available,88,24,9,,,
f7db498a-2cc2-4419-b16a-d58a3db560d1,streaming.maison,available,88,24,9,,,
8c27c471-8dd2-4cf7-b232-b9c3f6a89ec6,streaming.management,available,88,24,9,,,
c13f6c56-3d31-464f-a5a6-d345abe48133,streaming.market,sold,88,24,9,Dynadot Inc,09/11/2018 22:52,09/11/2026 22:52
3d7e8404-9b72-403c-a9f7-4586806a21de,streaming.marketing,sold,88,24,9,Dynadot Inc,12/10/2018 09:09,12/10/2026 09:09
fc0d3013-bd1d-41d0-a251-e54d1a9f2196,streaming.me,resell,88,24,9,"NameSilo, LLC",29/04/2008 18:03,29/04/2026 18:03
df2fac8d-ad40-4028-82b3-ea3bfb356c5d,streaming.melbourne,premium,88,24,9,,,
6020f555-016d-40aa-b82e-1e645e3f871a,streaming.meme,premium,88,24,9,,,
f69f7ceb-6c0d-4560-b28e-383a62eea03e,streaming.memorial,available,88,24,9,,,
c1cfe0fc-a658-48f1-9b5e-274fddf64f48,streaming.men,premium,88,24,9,,,
a6ca2382-905f-4de9-98e9-dd4d06194099,streaming.menu,available,88,24,9,,,
4d2cc529-f13d-4831-896b-ee77699b38e9,streaming.miami,available,88,24,9,,,
9c4a0f2e-3404-4d41-88d9-40a91344c3af,streaming.moda,available,88,24,9,,,
628d4f05-a289-4564-9b15-11456f134328,streaming.moe,premium,88,24,9,,,
f1a1eb48-6056-4cdd-aea3-44425b6d787f,streaming.mortgage,available,88,24,9,,,
39cba8b2-3e4f-4bc7-8aa3-f31e5ccafda9,streaming.motorcycles,available,88,24,9,,,
d603ce06-dce0-4065-87f2-3adcbe9492fb,streaming.music,premium,88,24,9,,,
f72042b6-708e-418f-aa39-b3e972ed3300,streaming.my,sold,88,24,9,NAMECHEAP,04/09/2025 02:57,04/09/2026 02:57
072a85b2-a0b4-4d6b-90dd-c112914f8aba,streaming.navy,available,88,24,9,,,
873df01c-9bed-4b28-abd6-539b58fb1bd1,streaming.network,sold,88,24,9,Dynadot Inc,01/12/2018 02:45,01/12/2026 02:45
e79edb5f-62c1-4de6-947d-6a9d40763f12,streaming.news,premium,88,24,9,,,
15550da3-9d4f-4be6-b8fd-1195ccaeca18,streaming.ninja,sold,88,24,9,"GoDaddy.com, LLC",13/07/2020 18:43,13/07/2026 18:43
fe4de0dc-d697-4922-b1c9-533dc5f2c5af,streaming.observer,premium,88,24,9,,,
723709b0-6209-4721-a499-8ae732a55ae2,streaming.onl,premium,88,24,9,,,
e09a472d-0880-4746-9bf0-620a82b10e5c,streaming.online,premium,88,24,9,,,
870f7036-39bb-4856-b4d9-5f910e688068,streaming.ooo,available,88,24,9,,,
4dffd262-7250-49b4-ad59-9a8cc77eb278,streaming.organic,available,88,24,9,,,
0a73d40d-dd53-4892-8ff4-3c4d3c85f3bd,streaming.osaka,premium,88,24,9,,,
e2f8392b-a1b2-416a-b7a6-8d0b0abdc2f7,streaming.page,premium,88,24,9,,,
1d1b2cd8-d09e-4321-9440-2907d7527b2b,streaming.partners,sold,88,24,9,"GoDaddy.com, LLC",09/11/2025 16:23,09/11/2026 16:23
7497021b-1efd-4f81-9886-7ad4dc624357,streaming.parts,available,88,24,9,,,
0f75d347-f3a4-473f-a513-792e9d398bc0,streaming.phd,premium,88,24,9,,,
ff95c67c-407b-4fe8-ba89-e8526b540758,streaming.photo,premium,88,24,9,,,
c2ae34bf-df14-4937-9312-2dddd321cc9d,streaming.photography,available,88,24,9,,,
7300b2b3-b74f-4e06-90eb-844c265a8f20,streaming.pics,resell,88,24,9,"Spaceship, Inc.",23/03/2025 13:45,23/03/2026 23:59
3c882655-6019-4c1d-a303-40f030f5bdc9,streaming.pictures,sold,88,24,9,1API GmbH,15/06/2020 00:22,15/06/2026 00:22
05e979c3-d010-4e16-932a-e618cf5a562a,streaming.pizza,available,88,24,9,,,
d7c32a67-10d4-445f-b79b-802544451567,streaming.place,available,88,24,9,,,
4a1de911-8019-4fe4-bd24-169ef3b98af7,streaming.plumbing,available,88,24,9,,,
7492e687-f503-4fbb-bafd-d427f04d14a6,streaming.plus,resell,88,24,9,"Sav.com, LLC - 41",07/01/2022 13:15,07/01/2028 13:15
50b5ee3c-5b05-4de5-9b3a-d4c130bdd388,streaming.poker,available,88,24,9,,,
10be4a0c-15b9-48cb-b006-0fa2eecdc66e,streaming.porn,premium,88,24,9,,,
cd5c33cd-b7ec-4505-b25c-5f1191d4952b,streaming.pro,sold,88,24,9,Dynadot Inc,26/05/2018 10:05,26/05/2027 10:05
40531bfc-639c-4b0a-9723-67ba892aaafe,streaming.prof,premium,88,24,9,,,
8184ba22-2d85-4f84-ad32-3dd3770eb2f4,streaming.promo,available,88,24,9,,,
8c347042-f917-4db4-9bce-c829a479b2a8,streaming.properties,available,88,24,9,,,
df2a5c84-bac3-403b-9ec3-f58ac3431806,streaming.property,premium,88,24,9,,,
65340114-b3b6-4f2b-a1a7-f668e49ccd72,streaming.protection,available,88,24,9,,,
798f6f62-ccee-4ac0-8678-082ac33b4569,streaming.pub,available,88,24,9,,,
2f1ffcb5-9232-47ef-8184-5bbcaac79af6,streaming.pw,available,88,24,9,,,
81f1e7ca-8e12-415a-8ab6-d2b8122b56a2,streaming.qpon,sold,88,24,9,Dynadot LLC,19/05/2025 05:56,19/05/2026 23:59
96eb75c0-7b6f-40fe-886a-0d77d5ff824d,streaming.quest,resell,88,24,9,"Spaceship, Inc.",10/02/2025 15:29,10/02/2026 23:59
de7cd72d-faa0-4e22-8af1-6f1411e2b77f,streaming.racing,premium,88,24,9,,,
69d2db03-ca4b-43b9-96b6-09a1a7b5ef1e,streaming.realty,available,88,24,9,,,
3cc13094-45c9-4631-b7df-0c36cf1edcdd,streaming.recipes,available,88,24,9,,,
c2981d20-c632-429a-bd5b-5a031006602e,streaming.rehab,available,88,24,9,,,
c7c0e6b9-2892-47ea-b81c-cb095d7e38fd,streaming.reise,available,88,24,9,,,
e99566a9-0240-4785-88d1-56fe9d33f65d,streaming.reisen,available,88,24,9,,,
96261bd3-6d71-4efc-b9a4-7be6960ae654,streaming.rent,available,88,24,9,,,
0d143a36-041e-43da-a79c-cdc17ea6a23e,streaming.repair,available,88,24,9,,,
0ff8f426-5538-4a33-be5e-9c3b64ee1b94,streaming.republican,available,88,24,9,,,
068cc911-85c7-48ff-a068-9e9109a92d0a,streaming.rest,premium,88,24,9,,,
9dfde8ce-b573-4051-8348-b6479a72b1d3,streaming.restaurant,available,88,24,9,,,
b387bf9f-848e-41c9-8014-eda6dd6b3efc,streaming.review,premium,88,24,9,,,
eaad5fd2-8828-4f68-90cc-e7e18ab73556,streaming.rich,available,88,24,9,,,
74bfa9d3-78ca-4943-8a4d-984baf693d0e,streaming.rip,available,88,24,9,,,
6bda6422-75de-4373-83b6-65942a90ef79,streaming.rocks,sold,88,24,9,Dynadot Inc,05/05/2019 08:24,05/05/2026 08:24
11d405ca-b34b-4b77-b28b-a3790985a3a6,streaming.rodeo,resell,88,24,9,Dynadot Inc,23/04/2024 17:39,23/04/2026 17:39
83417fa5-2736-4292-adbe-df02b3a7dc32,streaming.rsvp,premium,88,24,9,,,
0e31dd56-3c58-4a57-9d49-422e63a6b726,streaming.run,resell,88,24,9,Dynadot Inc,01/07/2025 17:00,01/07/2026 17:00
ded05098-c696-4d83-b095-95b4166713d9,streaming.sale,premium,88,24,9,,,
712e2091-151b-4043-81e4-6bbb965ef76e,streaming.salon,available,88,24,9,,,
4deb27c5-63ed-465d-8f24-a08911716973,streaming.sarl,available,88,24,9,,,
15545bc1-8b43-4ae4-b13b-4c69ffe488b3,streaming.sbs,premium,88,24,9,,,
9f79dcde-186e-456a-96c0-03bb7675cff0,streaming.school,available,88,24,9,,,
aa3af60d-e939-433c-99c4-2131555f4668,streaming.schule,available,88,24,9,,,
89e771ab-cdbf-492b-bf22-406d7ead6c6a,streaming.science,premium,88,24,9,,,
2216a7fe-84e7-448b-89ce-04edd61f5344,streaming.security,available,88,24,9,,,
aac2523c-7ba2-4a53-a0d1-cc3985401508,streaming.services,resell,88,24,9,1API GmbH,24/06/2015 16:00,24/06/2026 16:00
f8ad7aab-5603-4530-894a-b7ed33bb51c6,streaming.sexy,available,88,24,9,,,
550f1296-1f7e-4eaf-82f4-bdddf57a6d18,streaming.shiksha,available,88,24,9,,,
a5273312-b461-4cfd-95be-dd6047e04098,streaming.shoes,available,88,24,9,,,
dd8567b1-7243-4e38-aa45-fe3b6cc9fc2c,streaming.show,resell,88,24,9,"Chengdu West Dimension Digital Technology Co., Ltd.",05/05/2019 23:17,05/05/2026 23:17
1082219d-f1c9-4dfc-ac93-c3b23cb795ef,streaming.singles,available,88,24,9,,,
ab0e7a45-098f-497e-8b97-acd8e9f44c72,streaming.site,premium,88,24,9,,,
23ebdad0-9bac-48fd-a0bf-58850fc8fb71,streaming.ski,available,88,24,9,,,
d9048a3b-b38c-46d7-ade1-3dff04cd9d19,streaming.skin,available,88,24,9,,,
94727f21-40a0-4aea-a9a8-3ade3a4924a5,streaming.so,resell,88,24,9,NameCheap,22/08/2020 20:25,22/08/2025 20:25
124c037a-2df9-4ad6-8e1b-35718b0f3c30,streaming.soccer,sold,88,24,9,"Sav.com, LLC - 35",27/05/2024 15:15,27/05/2026 15:15
4cc2f3c9-19f0-4d2e-a71c-94e65e7a24f7,streaming.social,premium,88,24,9,,,
a45b809d-67c0-402e-afbb-462f5a1af08e,streaming.software,premium,88,24,9,,,
c83ab9e8-fcda-41a7-9b4b-90df8c97b6ce,streaming.solar,available,88,24,9,,,
10eb8cd8-2003-4ac2-a62a-a8c4599d07cf,streaming.soy,premium,88,24,9,,,
a5dd261d-1254-4c02-ba8f-9762fdb6c884,streaming.spot,premium,88,24,9,,,
b4ebd31f-7647-4e20-aa50-0624d6982530,streaming.srl,available,88,24,9,,,
d0cbb2f1-6d62-4a4e-8572-f5bea0740a63,streaming.storage,available,88,24,9,,,
26a6cf0b-2b43-4b8c-a74d-953c5e262302,streaming.store,premium,88,24,9,,,
71945420-c3ad-4f72-9df9-379e9813d969,streaming.stream,premium,88,24,9,,,
adedf2da-550b-4a4d-a64d-e7a2685d973a,streaming.study,premium,88,24,9,,,
011340b5-01fd-4b11-8f8e-04dd98a7fb00,streaming.style,available,88,24,9,,,
936701a0-82eb-4b7b-9aee-4917abe8ff93,streaming.sucks,premium,88,24,9,,,
e19bf5be-fc52-4053-806b-0a6232efa51b,streaming.supplies,available,88,24,9,,,
4636fa6d-882f-4aeb-a821-68db049ce823,streaming.supply,resell,88,24,9,"GoDaddy.com, LLC",26/10/2020 18:29,26/10/2026 18:29
e5ccf6db-306e-4abe-8166-0d3d5794517c,streaming.surgery,available,88,24,9,,,
ab04d95c-1335-4787-b694-6a05e69e7dda,streaming.talk,premium,88,24,9,,,
df8e705d-fa5a-4dfc-974b-841be5d5bea7,streaming.tattoo,available,88,24,9,,,
bd08b854-c96f-4090-89bb-03c99ba4b2a9,streaming.taxi,available,88,24,9,,,
549fd85f-f99c-4168-a813-28f4e8c805cf,streaming.team,expiring,88,24,9,Alibaba Cloud Computing Ltd. d/b/a HiChina (www.net.cn),13/01/2020 23:18,13/01/2026 23:18
5ed44b26-4f7a-403f-8f60-3951de7f8c1d,streaming.tech,premium,88,24,9,,,
b77acac2-bfa2-4d05-84c6-3049bb5cab77,streaming.tel,expiring,88,24,9,Porkbun,30/12/2023 23:43,30/12/2025 23:43
aad3fadd-6ab1-4ed3-a2c8-56e31c286e4c,streaming.tennis,available,88,24,9,,,
defb7b57-2908-4a74-8836-f9f7525d7394,streaming.theater,available,88,24,9,,,
b22bde2b-c431-45be-b0dc-bde34f25d719,streaming.theatre,available,88,24,9,,,
1470ac6b-f464-4d03-ab2b-55d21bd1eef2,streaming.tickets,available,88,24,9,,,
95159583-81fc-476f-a1ab-5fc5c4c7c020,streaming.tienda,available,88,24,9,,,
6cc9ba03-b5e1-42bf-ae35-bea6a742e51a,streaming.tires,available,88,24,9,,,
202e7afc-e422-4325-8291-9fb71b938be9,streaming.to,resell,88,24,9,humbly LLC,14/11/2016 03:27,14/11/2026 03:27
0c57a31e-4599-4c15-9dee-375fce9326ad,streaming.today,sold,88,24,9,"Global Domains International, Inc. DBA DomainCostClub.com",07/09/2025 15:15,07/09/2026 15:15
ffb0ba34-fd52-4b7a-88b7-206d423bf9a7,streaming.top,sold,88,24,9,Dynadot LLC,16/01/2022 17:24,16/01/2026 17:24
7646b47e-6d59-4410-99db-a9ab1371bc29,streaming.tours,expiring,88,24,9,"GoDaddy.com, LLC",09/01/2019 21:43,09/01/2026 21:43
3102cfc4-89f7-46cc-a885-180b2ea0db7d,streaming.town,available,88,24,9,,,
cdc1231a-ba9b-4e4a-a571-838bc3bf177c,streaming.toys,available,88,24,9,,,
b43f4aca-001b-461d-b2c1-3f5d79e82eb4,streaming.trade,premium,88,24,9,,,
659b4eba-1eb2-4fa4-9e5e-550105e8b957,streaming.travel,available,88,24,9,,,
121e396a-43d4-48e0-8d01-1694ef09ba74,streaming.tube,premium,88,24,9,,,
44d997b1-75cf-40ce-921f-a5b5c8b226ca,streaming.uno,premium,88,24,9,,,
00d0abaf-3578-400a-abfc-baad4a84f835,streaming.us,resell,88,24,9,"Global Domains International, Inc. DBA DomainCostClub.com",03/07/2008 18:07,02/07/2027 23:59
32b15125-7fdc-45a5-832b-80bf652fbb09,streaming.vacations,available,88,24,9,,,
c798be89-7139-4372-a27e-b67a33903628,streaming.vana,available,88,24,9,,,
2cf93414-d241-46b6-8f22-fb525390d990,streaming.vc,resell,88,24,9,Porkbun LLC,10/11/2024 08:01,10/11/2026 08:01
d7de7091-962f-465d-a688-748531f7ebcd,streaming.vegas,premium,88,24,9,,,
fef58b7b-51a6-431f-ae3a-3c9b80c671c6,streaming.ventures,available,88,24,9,,,
36613d74-92e2-43d4-a7b6-313ea817685c,streaming.vet,available,88,24,9,,,
649626df-f729-467c-9462-a44c944349c0,streaming.viajes,available,88,24,9,,,
c63c239a-33c1-46ba-92de-9840788493e4,streaming.video,sold,88,24,9,"Name.com, Inc.",21/09/2023 19:44,21/09/2026 19:44
74593373-a170-4449-9bfe-8f72148dc5dc,streaming.villas,available,88,24,9,,,
000cbc39-bb18-4da2-b709-8b093f28f2a1,streaming.vin,available,88,24,9,,,
0dc094ce-7e62-4ebf-b52f-b1baa1b27993,streaming.vision,resell,88,24,9,"Sav.com, LLC",14/02/2025 17:13,14/02/2026 17:13
c85ec597-fa30-4893-a8b3-575bf4929d00,streaming.vodka,available,88,24,9,,,
1915ca73-c549-49b2-8061-62d7fa9f2d11,streaming.vote,available,88,24,9,,,
c0e92a72-c24c-4ce7-98ef-dde3b6e5a87f,streaming.voting,available,88,24,9,,,
6b178b65-0084-49f7-ac70-e1043e30d7c1,streaming.voto,available,88,24,9,,,
b5289b60-4fb4-4b39-a54e-7aadfed71954,streaming.voyage,available,88,24,9,,,
0d11a1e0-b474-46d8-bdc3-4892f3d2d16b,streaming.watch,sold,88,24,9,Dynadot Inc,15/08/2015 11:41,15/08/2026 11:41
b150f457-a749-45fd-a29d-b6985670538e,streaming.webcam,sold,88,24,9,"Sav.com, LLC - 3",10/03/2025 00:00,10/03/2026 00:00
720ce22a-ef36-4d27-be50-89f7f4bd0ba6,streaming.wiki,premium,88,24,9,,,
0a6a8839-ff99-4991-9911-1243efcd46b9,streaming.win,premium,88,24,9,,,
d2bd5c2f-5c87-4c1e-9991-1afa836fe3e5,streaming.works,sold,88,24,9,"Sav.com, LLC",21/01/2021 11:52,21/01/2026 11:52
f1878649-9f6f-4f13-a300-48f0feed7725,streaming.world,resell,88,24,9,"Chengdu West Dimension Digital Technology Co., Ltd.",01/04/2018 07:58,01/04/2026 07:58
a18c89d8-c94e-4291-93c5-64822d775ae8,streaming.wtf,expired,88,24,9,"Sav.com, LLC - 24",30/09/2024 17:00,30/09/2025 17:00
236a3ff8-cfa6-47df-93d1-b4f022623fee,streaming.xyz,sold,88,24,9,Dynadot LLC,02/06/2014 16:07,02/06/2027 23:59
f773d4c5-c0e4-4bd6-8cfe-b3909eccb5f9,streaming.yachts,available,88,24,9,,,
b7d71c2a-347e-4e4c-8128-a52750291f59,streaming.you,premium,88,24,9,,,
c83fe5d2-71fb-4ddb-9ee6-8dd6b51005d9,streaming.zip,premium,88,24,9,,,
f2910887-b8de-4063-8873-c735d11c2f44,streaming.zone,resell,88,24,9,Alibaba Cloud Computing Ltd. d/b/a HiChina (www.net.cn),23/03/2022 13:15,23/03/2026 13:15
5287d339-1630-4481-91a8-e61e78788fed,journalism.accountant,available,70,14,10,,,
f50c967d-df78-4305-83a0-e54d2b02516d,journalism.accountants,available,70,14,10,,,
77060e38-b323-4113-8d02-c664a64d54e2,journalism.actor,available,70,14,10,,,
9f2dd66c-539e-4000-831c-c39d9826e82c,journalism.adult,available,70,14,10,,,
c1ff78f8-d128-47f5-a527-8d9ae6d3567a,journalism.ag,available,70,14,10,,,
4708bc69-4b4f-44ce-a7e4-37a80706c36b,journalism.ai,resell,70,14,10,Dynadot Inc,03/03/2025 15:03,03/03/2029 15:03
d0c570a0-31c0-4ca6-b83b-4e9719dae132,journalism.airforce,available,70,14,10,,,
f8c9692f-5dcd-4e15-bc6c-8cc1a2ad7155,journalism.apartments,available,70,14,10,,,
264aab88-0c19-4a65-a488-a7184eeb618e,journalism.archi,available,70,14,10,,,
7ef2769a-9be2-4514-8e60-6aedad0fd3b2,journalism.army,available,70,14,10,,,
c7090a24-2b9e-4697-ade0-5399a8656164,journalism.art,premium,70,14,10,,,
752d3761-3aab-4eab-9082-68e4013de6f1,journalism.associates,available,70,14,10,,,
a2a55812-b06b-4c1b-9d38-5d37ebfed84d,journalism.at,resell,70,14,10,EWBCD GmbH ( https://nic.at/registrar/750 ),,
343dd3ab-e708-45f0-8e58-23e01dc60dc8,journalism.attorney,available,70,14,10,,,
011c473a-c4eb-4a29-adfa-ba0355dbe88c,journalism.auction,available,70,14,10,,,
c7561098-4b49-4806-b7bc-72459ed44dc7,journalism.audio,available,70,14,10,,,
83d61760-7c06-4f30-8f5f-db6cb5bbc33d,journalism.auto,available,70,14,10,,,
2e8c70ba-dcbc-41e0-8de4-d83b5dcf89ef,journalism.autos,available,70,14,10,,,
4326f115-5d6a-4eec-9890-e53906c5ec7d,journalism.band,available,70,14,10,,,
e60ddb5b-589e-48e2-bff3-ed048729fcc3,journalism.bar,available,70,14,10,,,
033ec79c-8e87-4cdc-b966-5f6c0c43049f,journalism.bargains,available,70,14,10,,,
629b554c-da28-48ce-afc3-85a1c11fd395,journalism.bayern,available,70,14,10,,,
40d0a7e2-6fd9-4916-ba31-b6deca6ee2e6,journalism.beauty,available,70,14,10,,,
8cbe597d-a877-4205-b726-0fdcfe192280,journalism.beer,available,70,14,10,,,
39ea6492-636d-49a0-b660-bba02909219c,journalism.berlin,available,70,14,10,,,
b51fc684-8223-4df7-96da-11d95ace0b0b,journalism.best,available,70,14,10,,,
2e78c1a3-25c4-40d2-9999-29b4e5b1e792,journalism.bet,available,70,14,10,,,
c610efae-ba25-4be4-9815-a1ac3357ecf5,journalism.bid,available,70,14,10,,,
8ba1247e-b638-423a-a8d8-7f9d926b6bec,journalism.bike,available,70,14,10,,,
9c634e7c-a1d3-4193-8b66-835d2ac5284a,journalism.bingo,available,70,14,10,,,
a603154a-e230-46a7-91a3-652eaa6b1dc0,journalism.bio,available,70,14,10,,,
47787baf-6cf4-49c2-80cc-0624f38333eb,journalism.biz,premium,70,14,10,,,
a3427249-2f57-4f21-86ec-4236fb21f1a9,journalism.black,available,70,14,10,,,
f9eaec39-5470-4baa-a86f-21f1535cfff7,journalism.blackfriday,available,70,14,10,,,
55bda24c-7be1-4859-8bcb-272cb28b6fa3,journalism.blog,premium,70,14,10,,,
6ec12346-b4b8-4be8-a0ea-4f2998197c4f,journalism.blue,available,70,14,10,,,
4e3be818-e2b8-40a5-b918-ee3319d6f658,journalism.boats,available,70,14,10,,,
e788eebd-5953-4cb8-b471-15afb85a065d,journalism.bond,premium,70,14,10,,,
eff59a9e-3bf1-4135-98d9-de4fb4730a1f,journalism.boo,premium,70,14,10,,,
27c25993-66b0-4740-9393-3f37d6c60aae,journalism.boston,available,70,14,10,,,
26713e9a-0598-4b1b-af53-cd3e167840c7,journalism.boutique,available,70,14,10,,,
aee46598-3034-4a0a-8977-c9ce5bbeafbc,journalism.build,premium,70,14,10,,,
72f29f83-3723-4b00-a23d-33d9f2850176,journalism.builders,available,70,14,10,,,
852089f0-ac68-4da7-acee-1df216bb502d,journalism.business,available,70,14,10,,,
4cb78782-ffee-4cf5-b680-f0e04150db95,journalism.buzz,premium,70,14,10,,,
800d23a2-ce81-4d0c-978c-077f1abc71a5,journalism.bz,available,70,14,10,,,
ccff8ee7-c2ab-43c9-b29a-c08e17493795,journalism.cab,available,70,14,10,,,
a1025e8f-15ec-4bc2-a100-df67d465057c,journalism.cafe,available,70,14,10,,,
5e2cc870-f71d-425f-977f-1d18eb938204,journalism.cam,available,70,14,10,,,
36f57c49-201e-4348-84b6-6888cfb844c2,journalism.camera,available,70,14,10,,,
a4849bea-84c2-4986-a1ec-5c7b9b8a02bc,journalism.camp,premium,70,14,10,,,
6a9c547c-982b-48b9-b924-724d364646a7,journalism.capital,available,70,14,10,,,
ec334cb4-d39c-45d3-935c-103dbf1eebb5,journalism.car,available,70,14,10,,,
185d9c99-31b8-4fe8-9b06-18a2fe67e9a1,journalism.cards,expiring,70,14,10,IONOS SE,17/12/2019 12:09,17/12/2025 12:09
b9d53c3d-7d9e-4190-b38c-e3363eb68781,journalism.care,resell,70,14,10,"GoDaddy.com, LLC",19/01/2019 03:21,19/01/2026 03:21
3231e2df-22ed-4d25-a79b-bb3f8e7ce76b,journalism.careers,premium,70,14,10,,,
73905db3-1eab-4c51-a129-2d605e60ad34,journalism.cars,available,70,14,10,,,
87d5f11f-4eec-4bec-a934-5f69f50af7a8,journalism.casa,available,70,14,10,,,
edd4b770-a99b-4b29-a7d0-1691c0ff4cd2,journalism.cash,available,70,14,10,,,
1e1f1bf1-835b-4501-a0b6-9a15fde6bfad,journalism.casino,available,70,14,10,,,
18683444-91ff-40d2-8346-88f515761ba9,journalism.catering,available,70,14,10,,,
7eef2b82-5668-4425-a2cf-ba83e9d9f7b9,journalism.cc,resell,70,14,10,Dynadot Inc,05/02/2024 09:32,05/02/2027 09:32
3fec2a8d-5ef1-4167-8fc7-ca10727efbf4,journalism.center,available,70,14,10,,,
5a01768c-5e34-4660-b3d7-2c3a4036a549,journalism.ceo,premium,70,14,10,,,
0b9c2e5b-4319-46f1-8d23-fcf0f2a77943,journalism.cfd,premium,70,14,10,,,
91b72fbb-f11b-42c5-9f57-7683f0189021,journalism.charity,available,70,14,10,,,
bf4ebd9e-23b6-4917-8857-4f9439e5d590,journalism.cheap,available,70,14,10,,,
bf15a7de-30bb-419c-a185-009d061d17a3,journalism.christmas,available,70,14,10,,,
76f930ba-c546-4397-b349-1fe2d5b789b8,journalism.church,available,70,14,10,,,
9418c7c2-cd13-400c-a921-31000b846a73,journalism.claims,available,70,14,10,,,
86b67e81-8732-4ee3-8961-24a2dda7276a,journalism.cleaning,available,70,14,10,,,
df877d2c-5271-4ace-ae63-f85bccfdc70c,journalism.clinic,available,70,14,10,,,
b683b353-5771-4649-b7ee-25172f555a0a,journalism.clothing,available,70,14,10,,,
82c2077f-cd03-4194-9480-f26c78a9d52b,journalism.cloud,resell,70,14,10,IONOS SE,16/02/2016 15:06,16/02/2026 15:06
0830858c-2050-4721-a228-ef527d91b888,journalism.club,resell,70,14,10,"GoDaddy.com, LLC",24/01/2021 01:53,24/01/2026 01:53
d2eff51d-7902-40ba-90a6-866051e92b2c,journalism.co,resell,70,14,10,GoDaddy Online Services Cayman Islands Ltd.,20/09/2014 06:57,19/09/2026 23:59
768cb2cb-1c97-451a-9308-982d3cad4493,journalism.coach,available,70,14,10,,,
a15ab927-0468-4120-9eee-6b0ff58580df,journalism.codes,available,70,14,10,,,
419adf7e-285c-48d5-b2b8-16fe848e2200,journalism.coffee,available,70,14,10,,,
6fefc374-5d1f-4091-9686-57062d06474a,journalism.college,premium,70,14,10,,,
e51b8719-6a5d-440d-b950-90e31532df4c,journalism.computer,available,70,14,10,,,
e1e2028d-8620-471c-8c1a-40a8a2f254cf,journalism.condos,available,70,14,10,,,
f87c3162-54b0-4b74-8b50-56b2e64db024,journalism.construction,available,70,14,10,,,
f58f7945-c126-49bc-af12-16679ef2879f,journalism.consulting,available,70,14,10,,,
b0b0846b-0287-4221-ad22-d2aacb86cafc,journalism.contact,available,70,14,10,,,
0c297f45-28e1-477c-9e15-b5ce2ac8c524,journalism.contractors,available,70,14,10,,,
0206028b-b796-4e92-a605-ee6aadd22f11,journalism.cooking,available,70,14,10,,,
9202f0f2-17f7-4dfe-b107-accb29507461,journalism.cool,available,70,14,10,,,
acaef640-877e-45bd-9e3b-3deefb6a6d08,journalism.country,available,70,14,10,,,
ce7b8bdc-e015-4151-a493-c16ed716572b,journalism.coupons,available,70,14,10,,,
1ff34228-96e1-425f-acef-9841b90b3ce5,journalism.courses,premium,70,14,10,,,
45f32980-1367-45d0-b6ab-262b913c4a21,journalism.credit,available,70,14,10,,,
5dba25fa-e17a-4327-b07e-c0ddd9df663f,journalism.creditcard,available,70,14,10,,,
7ceff714-8ba9-4786-b17f-58ce33767fd7,journalism.cricket,available,70,14,10,,,
2f831dc5-dd9f-4971-bcb7-fa93600373d6,journalism.cruises,available,70,14,10,,,
43e2af52-59c3-4634-9953-0927cdb4543e,journalism.cv,resell,70,14,10,Dynadot,13/08/2025 00:00,13/08/2026 04:30
5680799b-6f50-4479-b318-87d2a6b6793b,journalism.cx,available,70,14,10,,,
8493ae30-82e3-4ef0-b942-38e023f1c33e,journalism.cyou,premium,70,14,10,,,
f41da8a5-6257-4d60-aacd-ee6e42b7d0db,journalism.dad,premium,70,14,10,,,
2035c235-08b7-4d5d-bce6-7030c92d96f0,journalism.dance,available,70,14,10,,,
c5280be4-89f8-443b-b5a8-7eba541ac013,journalism.date,premium,70,14,10,,,
b644946e-476b-4341-984b-38ae1af4de0b,journalism.dating,available,70,14,10,,,
5d53ed1f-48ab-495c-8eb2-a7cade659601,journalism.deal,premium,70,14,10,,,
8a89fe72-3c1d-45b5-b4c4-54984baff06f,journalism.dealer,premium,70,14,10,,,
eae1e94f-babc-4343-8dc1-b91a76e1ead9,journalism.deals,available,70,14,10,,,
51185ed0-f819-4e8b-9a87-934d112ca9d2,journalism.degree,premium,70,14,10,,,
ba4f5924-d18e-4216-82f7-2ee580ea44e0,journalism.delivery,available,70,14,10,,,
1f840d2b-dc35-4469-8206-b513ab5f2d89,journalism.democrat,available,70,14,10,,,
b7c3d9fd-9489-4db8-a6cf-3f843d49eff2,journalism.dental,available,70,14,10,,,
db76a6c6-2f73-4eff-aa58-1122c91a176a,journalism.dentist,available,70,14,10,,,
8389e9b7-7bfb-45e5-b3ef-5ddcfefbddce,journalism.diamonds,available,70,14,10,,,
60f8946c-f991-4188-ab7b-7cf806a31b60,journalism.diet,available,70,14,10,,,
c5d20dcd-1795-439f-9c2f-c05435efcf8c,journalism.digital,resell,70,14,10,"Sav.com, LLC - 22",01/03/2025 15:15,01/03/2026 15:15
c012cb21-0949-41f8-8c5a-5e7c484d81e5,journalism.direct,available,70,14,10,,,
0ae98825-6d1a-485d-9366-8c51c66acf8e,journalism.directory,available,70,14,10,,,
5a16175e-f982-45d7-b8b8-8782c233b31a,journalism.discount,available,70,14,10,,,
da5ea0ab-8df8-4b0d-a371-513aa880001b,journalism.diy,available,70,14,10,,,
28daffae-cc0f-455a-84b3-1ebce39a5120,journalism.doctor,available,70,14,10,,,
6b349b73-3697-4066-bfa8-8186e12907f0,journalism.dog,available,70,14,10,,,
e67f0005-8a37-4fb0-a13e-875a78f44671,journalism.domains,available,70,14,10,,,
d6a957a4-e567-4f8b-83ad-25437bee50c1,journalism.download,available,70,14,10,,,
fc67d8f8-a0b9-4131-a293-5ba72f359e2f,journalism.education,sold,70,14,10,Dreamscape Networks International Pte Ltd,17/12/2021 04:10,17/12/2026 04:10
e9b0ec5c-5ee6-4e0d-829d-a575d0098c78,journalism.energy,available,70,14,10,,,
4e76feba-b05e-4b03-ab95-804c5332e054,journalism.engineer,available,70,14,10,,,
64978848-d514-4c7c-8f5a-a5ef789d72fc,journalism.engineering,available,70,14,10,,,
3ec7b610-46fb-45d1-9f55-c06c1ec6d744,journalism.enterprises,available,70,14,10,,,
d3ca13a9-c48c-4263-a597-7f6084c6b25f,journalism.equipment,available,70,14,10,,,
b0a02879-1da4-4f82-bfcd-0e6bb151c715,journalism.esq,premium,70,14,10,,,
644cdb8e-5868-462b-ba58-93225b500b08,journalism.estate,available,70,14,10,,,
a1f2dc0a-e289-45f4-a52c-0634daf8492c,journalism.eu,resell,70,14,10,Name: Registrar.eu Website: https://www.openprovider.com,,
0bbf67bb-a29d-4fc9-8c7a-5aef50edb2ed,journalism.events,available,70,14,10,,,
83c94b89-c3c1-4939-8185-08b887501666,journalism.exchange,available,70,14,10,,,
5fa71537-14b3-41d4-9724-ac3b54a97b60,journalism.expert,resell,70,14,10,"GoDaddy.com, LLC",19/01/2019 03:21,19/01/2026 03:21
a7d44924-3c33-4bfd-ad04-472f778ca68c,journalism.exposed,available,70,14,10,,,
95aa4ff0-5fc2-42f1-bc37-114b541a5e1c,journalism.express,available,70,14,10,,,
69cac49b-1f12-4c03-a0d5-5e70ef3d14ed,journalism.fail,available,70,14,10,,,
ce9aeeb1-3f20-4961-8417-6cadacad37dc,journalism.faith,expired,70,14,10,Porkbun,26/10/2024 10:34,26/10/2025 10:34
91160c2d-e083-456c-b239-9ae5f1757a43,journalism.family,premium,70,14,10,,,
c244cdaa-f861-4e42-a276-31f6bd13b785,journalism.fan,available,70,14,10,,,
7e50c93f-de1b-41e6-a2c0-8448cecec8d9,journalism.fans,premium,70,14,10,,,
20ae690c-1440-4059-88f2-97a11d2c0d0d,journalism.farm,available,70,14,10,,,
5819db5b-fafa-46b1-a899-3b566976966b,journalism.fashion,available,70,14,10,,,
622a84a2-188b-4ed0-98b8-d0694866e575,journalism.fast,premium,70,14,10,,,
b6faf075-1418-45cc-9f87-23047497351c,journalism.film,available,70,14,10,,,
85703464-d105-4838-a8be-b56bbe242120,journalism.finance,available,70,14,10,,,
0d6820d2-c47f-4682-b0fc-c0c6cf97f384,journalism.financial,available,70,14,10,,,
2f1c10f1-3114-4cc6-ad83-7fce265415e3,journalism.fish,available,70,14,10,,,
e3f84dc0-a194-4b68-890c-93aff4e380e8,journalism.fishing,available,70,14,10,,,
53a3eeda-ce88-43df-a19a-d5edbdd9d6b0,journalism.fit,available,70,14,10,,,
0b556409-0a1e-48a4-8a93-54e9b54f3bc9,journalism.fitness,available,70,14,10,,,
508e83f4-b01f-4626-802f-51a60b5db6be,journalism.flights,available,70,14,10,,,
46438c8f-cb44-4c42-b632-8b62634ec6c2,journalism.florist,available,70,14,10,,,
44024890-1057-45d9-ad67-03fb7bc59ed0,journalism.flowers,available,70,14,10,,,
ade79273-6ddb-47ce-bea1-c041e38dca2d,journalism.fm,available,70,14,10,,,
4e478f0b-650a-4222-ac2d-a8f8c0e1f4ca,journalism.foo,premium,70,14,10,,,
c4b8573d-64ad-4eaa-8d97-1a8c35e72a6c,journalism.food,available,70,14,10,,,
3a101ecf-44bd-4bd0-98f9-283e977b7e19,journalism.football,available,70,14,10,,,
18a9813d-6084-4804-a334-1ccdb962c29f,journalism.forsale,premium,70,14,10,,,
f0b6928c-04aa-40a1-95c3-d0ea222c0503,journalism.forum,available,70,14,10,,,
b7059718-beae-4c16-9984-a90058b9e100,journalism.free,premium,70,14,10,,,
878dce14-0306-4ee6-8f97-a83e1da845cf,journalism.fun,expiring,70,14,10,"Cloudflare, Inc.",20/12/2024 09:46,20/12/2025 23:59
c7bd44d7-488b-42ee-a002-7a493e543403,journalism.fund,resell,70,14,10,"DNSPod, Inc.",31/08/2018 08:09,31/08/2026 08:09
79fe4e43-46af-4f65-a545-bd9587c82247,journalism.furniture,available,70,14,10,,,
c42ba099-f91e-4013-a3c1-8fc787298655,journalism.futbol,available,70,14,10,,,
b877c57f-683b-4b7b-a8dc-7f27ad5b88c2,journalism.gallery,available,70,14,10,,,
62f241ca-7559-4922-8370-39f90fefa615,journalism.game,available,70,14,10,,,
57596d89-4bc3-4058-92a4-259720076697,journalism.games,available,70,14,10,,,
6afdd3d0-77fc-44b7-9242-1a4d13d84aa3,journalism.garden,available,70,14,10,,,
05428525-8372-4336-99d6-e37569371e2a,journalism.gay,available,70,14,10,,,
9da8cc5f-e77e-465e-a1b4-a7d472c13565,journalism.gg,sold,70,14,10,"NameCheap, Inc (https://www.namecheap.com)",,
4f25370e-8528-44b4-9e79-35a89ce3eb83,journalism.gift,available,70,14,10,,,
3988c2d4-d053-4407-9687-66ebe66fc5d1,journalism.gifts,available,70,14,10,,,
d3399f29-6443-45ed-90e7-ea7019a47540,journalism.gives,available,70,14,10,,,
0ba2aaed-5996-4e18-927d-899d7894c847,journalism.giving,available,70,14,10,,,
a827cd12-327c-4ae1-8988-df2d43670c10,journalism.glass,available,70,14,10,,,
b4bc638c-89ad-4fd9-9f47-44be0aeac25d,journalism.global,resell,70,14,10,"GoDaddy.com, LLC",19/01/2019 03:20,19/01/2026 03:20
3affcf53-6047-4d61-95a7-fd85901baeba,journalism.gmbh,available,70,14,10,,,
211dd4e1-9238-4162-a4e8-125959b89774,journalism.gold,available,70,14,10,,,
82a3c0cc-9af9-4747-a7ae-9f775ea47f3c,journalism.golf,available,70,14,10,,,
482bc4cb-7e46-4652-ae6a-b29535ff84f8,journalism.graphics,available,70,14,10,,,
648626db-e2f9-48bb-b852-b7de0020d193,journalism.gratis,available,70,14,10,,,
312257be-d8a5-4970-9ae2-e5e3d7b43b72,journalism.green,available,70,14,10,,,
75510c60-c137-414a-b0c7-37b4d264665e,journalism.gripe,available,70,14,10,,,
2f69a100-7c06-46ea-84e3-5bbe291592d2,journalism.group,available,70,14,10,,,
26b68f86-0e1e-4cc2-8b47-abc779ed2ce2,journalism.guitars,available,70,14,10,,,
1fe5ee6f-169b-40f7-925a-7181b9f5a3cb,journalism.hair,available,70,14,10,,,
d6723b5e-9c81-4b1d-b6c0-ef8844fe0c04,journalism.haus,available,70,14,10,,,
ae351512-d24b-42b3-842a-0b1c8acd62a6,journalism.health,available,70,14,10,,,
fcb7fcde-83ea-4430-b4f5-bcc0124dee91,journalism.healthcare,available,70,14,10,,,
aeb15dbc-5bbb-4e20-a173-afd011898ea2,journalism.hiphop,premium,70,14,10,,,
0cbc6c41-cb36-4ae0-9a70-cb9c3dd4fa1c,journalism.hiv,premium,70,14,10,,,
4b2bbb21-f263-4775-9c4b-a5c314612733,journalism.hockey,available,70,14,10,,,
f5925984-a208-408f-a7fc-a3460570b425,journalism.holdings,available,70,14,10,,,
d02b842e-fe66-4aff-95f2-e52df43cbd2e,journalism.holiday,available,70,14,10,,,
c6eed06c-5854-494e-85f0-ef423fed30d6,journalism.homes,available,70,14,10,,,
1a6b42ef-6e28-4d86-a392-f9f2dc76d891,journalism.horse,available,70,14,10,,,
597bd471-a7d1-41e8-b69e-83db02d55644,journalism.hospital,available,70,14,10,,,
8a7d097a-034e-40df-8faa-cd60bfd6b0a8,journalism.host,premium,70,14,10,,,
add44252-dfae-4a7f-980b-d97e5538c4b0,journalism.hosting,available,70,14,10,,,
61c77233-6c92-4914-8f44-1b4cb6086914,journalism.hot,premium,70,14,10,,,
32057eef-37c1-4e6a-a579-0640fb26d058,journalism.house,available,70,14,10,,,
29631079-aeb6-4a70-a39e-cd58e58d83aa,journalism.how,available,70,14,10,,,
8f9b3cb2-45b4-4e87-aedd-be48d843e16c,journalism.icu,available,70,14,10,,,
3542eeda-13cd-44e0-86af-1eb27641e1fb,journalism.im,premium,70,14,10,,,
8d1b52ea-7b63-4c5e-9f18-9824064e0c82,journalism.immo,available,70,14,10,,,
a00d5d03-6d29-49df-8e93-ede064c8b4ad,journalism.immobilien,available,70,14,10,,,
15eb0088-2264-4550-a6ea-addf03c2c81a,journalism.inc,premium,70,14,10,,,
22a5325f-c3ed-412f-ba28-87bc3ecd2ba8,journalism.industries,available,70,14,10,,,
0986c5f3-d6a2-4ba7-8185-cf042ad59f0a,journalism.info,resell,70,14,10,"GoDaddy.com, LLC",12/09/2001 09:11,12/09/2026 09:11
ba711b0e-a914-47c8-bed5-bb74f834e6b6,journalism.ing,premium,70,14,10,,,
6d0e301c-d4b7-41ee-9871-19758e9692d5,journalism.ink,available,70,14,10,,,
5d1c4055-a508-4260-96c6-9402e496d714,journalism.institute,resell,70,14,10,Unstoppable Domains Inc,08/10/2022 09:06,08/10/2026 09:06
8d9d79a0-5402-49f7-a87c-899c5337b8fa,journalism.insure,available,70,14,10,,,
7fb0c4d5-7959-4e9b-a067-89332c46b2a5,journalism.investments,available,70,14,10,,,
61cfc5cc-5f71-4148-9c23-8ff4ac412f9c,journalism.io,resell,70,14,10,"GoDaddy.com, LLC",11/12/2016 03:17,11/12/2026 03:17
a9e0977f-bc16-49ce-9467-f6b588055ce1,journalism.irish,available,70,14,10,,,
e7e3ffa2-3bc0-459f-8d98-5375043ae44b,journalism.it,sold,70,14,10,,06/07/2015 09:00,06/07/2026 00:00
487b161d-cc05-4e66-a9ba-240c9bdc8f5f,journalism.jetzt,available,70,14,10,,,
566dfda4-4886-423e-9fd1-f8556684b817,journalism.jewelry,available,70,14,10,,,
69c524fd-20b0-49be-816e-7b91775a67b0,journalism.juegos,available,70,14,10,,,
88fc935c-b3d5-4ee2-83a8-f43780a305c4,journalism.kaufen,available,70,14,10,,,
dcd0d3a1-a10a-4697-9a1e-f59488d5e455,journalism.kids,premium,70,14,10,,,
b8295c18-e954-482f-aa2e-c69aa4392e54,journalism.kim,available,70,14,10,,,
ad8352c4-dfab-4598-951a-46cd325f42fa,journalism.kitchen,available,70,14,10,,,
66e0e283-cd11-4893-aa7c-276a1b15bee2,journalism.la,available,70,14,10,,,
ca5f9042-d24a-4623-8a33-f8fd35c67153,journalism.land,available,70,14,10,,,
7dda8c8e-8d94-465d-8027-86a504d0be94,journalism.lat,available,70,14,10,,,
0038fac9-b79b-4cf5-9526-58f13fa861f1,journalism.lawyer,available,70,14,10,,,
9e31bfd4-98f2-46a4-813b-e9d3307338dd,journalism.lease,available,70,14,10,,,
35c677d8-0e8a-45bc-87e2-5ad1219cd641,journalism.legal,available,70,14,10,,,
38fa1eba-0d43-422a-9037-41d00afb3579,journalism.lgbt,available,70,14,10,,,
6fcd17dc-0afb-4b5f-b370-c3064db2fae2,journalism.lifestyle,available,70,14,10,,,
b8402b78-236b-4936-9798-93de7fdd3fb5,journalism.lighting,available,70,14,10,,,
a3b5922f-7a97-42d0-8251-eca0bfaafb08,journalism.limited,available,70,14,10,,,
b06c292d-25dc-40c9-b577-c5dc196ce119,journalism.limo,available,70,14,10,,,
21ec105b-d720-43c7-8ed1-6f8f1168317a,journalism.link,premium,70,14,10,,,
a9dfde5f-2015-4fec-b972-fd28fd420496,journalism.live,premium,70,14,10,,,
3ac8b9bb-c7e8-45c9-945f-712e9f34aa80,journalism.living,available,70,14,10,,,
fa4f17b0-abfd-45b8-a27d-a41e614ef0ac,journalism.llc,available,70,14,10,,,